"play ID","game ID","game name",userid,date,quantity,location,length,incomplete,nowinstats,comments,"player 1 username","player 1 name","player 1 startposition","player 1 color","player 1 score","player 1 new","player 1 rating","player 1 win","player 2 username","player 2 name","player 2 startposition","player 2 color","player 2 score","player 2 new","player 2 rating","player 2 win","player 3 username","player 3 name","player 3 startposition","player 3 color","player 3 score","player 3 new","player 3 rating","player 3 win","player 4 username","player 4 name","player 4 startposition","player 4 color","player 4 score","player 4 new","player 4 rating","player 4 win","player 5 username","player 5 name","player 5 startposition","player 5 color","player 5 score","player 5 new","player 5 rating","player 5 win","player 6 username","player 6 name","player 6 startposition","player 6 color","player 6 score","player 6 new","player 6 rating","player 6 win","player 7 username","player 7 name","player 7 startposition","player 7 color","player 7 score","player 7 new","player 7 rating","player 7 win","player 8 username","player 8 name","player 8 startposition","player 8 color","player 8 score","player 8 new","player 8 rating","player 8 win"
9912835,91536,Quarriors!,,2013-08-05,,Roztoky,20,,,,Tatsukochi,hejtmy,,,20,,,1,,"BÄ›tka",,,2,,,,,,,,,,,,,,,,,,,,,,,,,,,,,,,,,,,,,,,,,,,,,,,,,,,
9912984,40692,"Small World",,2013-08-05,,Roztoky,35,,,,Tatsukochi,hejtmy,1,,106,,,1,,"BÄ›tka",,,94,,,,,,,,,,,,,,,,,,,,,,,,,,,,,,,,,,,,,,,,,,,,,,,,,,,
9913062,91536,Quarriors!,,2013-08-05,,Roztoky,20,,,,Tatsukochi,hejtmy,2,,20,,,,,"BÄ›tka",1,,10,,,,,,,,,,,,,,,,,,,,,,,,,,,,,,,,,,,,,,,,,,,,,,,,,,,
9953882,96848,"Mage Knight Board Game",,2013-08-11,,NiÅ¾bor,300,,,,,Echy,,,42,1,,,,"BÄ›tka",,,65,,,,Tatsukochi,hejtmy,,,115,,,1,,,,,,,,,,,,,,,,,,,,,,,,,,,,,,,,,,,,,,,,
9953895,95234,"Cthulhu Gloom",,1970-08-09,,NiÅ¾bor,200,,,,Tatsukochi,hejtmy,,,,,,1,,Terka,,,,1,,,,Joska,,,,1,,,,Echy,,,,,,,,"BÄ›tka",,,,,,,,,,,,,,,,,,,,,,,,,,,,,,
9953904,40692,"Small World",,2013-08-10,,NiÅ¾bor,120,,,,,Echy,,,95,,,1,,"BÄ›tka",,,,,,,,Terka,,,,1,,,Tatsukochi,hejtmy,,,95,,,,,,,,,,,,,,,,,,,,,,,,,,,,,,,,,,,
9953934,72420,Braggart,,2013-08-10,,NiÅ¾bor,40,,,,,Echy,,,,,,,,"BÄ›tka",,,,,,,,Joska,,,,,,1,,Terka,,,,,,,,Martin,,,,,,,Tatsukochi,hejtmy,,,,,,,,,,,,,,,,,,,,,,
9953953,96848,"Mage Knight Board Game",,2013-06-07,,NiÅ¾bor,360,,,,Tatsukochi,hejtmy,,,,,,1,,"BÄ›tka",,,,,,1,,Martin,,,,,,1,,,,,,,,,,,,,,,,,,,,,,,,,,,,,,,,,,,,,,,,
9953964,70919,Takenoko,,2013-08-09,,NiÅ¾bor,90,,,,,Echy,,,40,,,,Tatsukochi,hejtmy,,,42,,,1,,"BÄ›tka",,,35,,,,,,,,,,,,,,,,,,,,,,,,,,,,,,,,,,,,,,,,,,,
9953967,70919,Takenoko,,2013-08-09,,NiÅ¾bor,60,,,,Tatsukochi,hejtmy,,,,,,1,,Terka,,,17,1,,,,Echy,,,,,,,,"BÄ›tka",,,,,,,,,,,,,,,,,,,,,,,,,,,,,,,,,,,,,,
10038236,90137,"Blood Bowl: Team Manager â€“ The Card Game",,2013-08-25,,Roztoky,,1,,,,Echy,,,,,,,Tatsukochi,hejtmy,,,,,,,,"BÄ›tka",,,,,,,,,,,,,,,,,,,,,,,,,,,,,,,,,,,,,,,,,,,,,,
10038253,30549,Pandemic,,2013-08-24,,Roztoky,,,,,Tatsukochi,hejtmy,,,,,,,,Jana,,,,,,,,Echy,,,,,,,,"BÄ›tka",,,,,,,,,,,,,,,,,,,,,,,,,,,,,,,,,,,,,,
10122710,103885,"Star Wars: X-Wing Miniatures Game",,2013-09-02,,"PetÅ™iny",,,,,Tatsukochi,hejtmy,,,,1,,1,,"BÄ›tka",,,,1,,,,,,,,,,,,,,,,,,,,,,,,,,,,,,,,,,,,,,,,,,,,,,,,,,
10255369,40692,"Small World",,2013-09-15,,Roztoky,,,,,Tatsukochi,hejtmy,,,,,,,,"BÄ›tka",,,,,,1,,,,,,,,,,,,,,,,,,,,,,,,,,,,,,,,,,,,,,,,,,,,,,,,
10310081,124742,"Android: Netrunner",,2013-10-13,,NiÅ¾bor,80,,,,Tatsukochi,hejtmy,,,,,,,,Echy,,,,1,,1,,,,,,,,,,,,,,,,,,,,,,,,,,,,,,,,,,,,,,,,,,,,,,,,
11989445,124742,"Android: Netrunner",,2014-06-08,,NiÅ¾bor,60,,,,,"BÄ›tka",2,,,,,,Tatsukochi,hejtmy,1,,,,,1,,,,,,,,,,,,,,,,,,,,,,,,,,,,,,,,,,,,,,,,,,,,,,,,
11989446,124742,"Android: Netrunner",,2014-06-07,,NiÅ¾bor,60,,,,,"BÄ›tka",2,,,,,,Tatsukochi,hejtmy,1,,,,,1,,,,,,,,,,,,,,,,,,,,,,,,,,,,,,,,,,,,,,,,,,,,,,,,
11989447,70919,Takenoko,,2014-05-28,,NiÅ¾bor,90,,,,Tatsukochi,hejtmy,4,,,,,,,Martin,3,,,,,,,"BÄ›tka",2,,,,,,,TÃ¡ta,1,,,,,1,,,,,,,,,,,,,,,,,,,,,,,,,,,,,,,,
11989469,147151,Concept,,2014-06-03,,"BÅ™evnov",60,,,,,MÃ¡ma,5,,,,,,Tatsukochi,hejtmy,4,,,,,,,Martin,3,,,,,,,"BÄ›tka",2,,,,,,,TÃ¡ta,1,,,,,,,,,,,,,,,,,,,,,,,,,,,,,
11989470,147151,Concept,,2014-06-06,,NiÅ¾bor,120,,,,Tatsukochi,hejtmy,2,,,,,,,"BÄ›tka",1,,,,,,,,,,,,,,,,,,,,,,,,,,,,,,,,,,,,,,,,,,,,,,,,,,,,,
11989472,147151,Concept,,2014-06-07,,NiÅ¾bor,90,,,,Tatsukochi,hejtmy,2,,,,,,,"BÄ›tka",1,,,,,,,,,,,,,,,,,,,,,,,,,,,,,,,,,,,,,,,,,,,,,,,,,,,,,
11989489,142079,"Space Cadets: Dice Duel",,2014-05-04,,"PetÅ™iny",30,,,,,Sam,4,,,,,,,Echy,3,,,,,1,Tatsukochi,hejtmy,2,,,,,1,,"BÄ›tka",1,,,,,,,,,,,,,,,,,,,,,,,,,,,,,,,,,,,,,
11989498,142079,"Space Cadets: Dice Duel",,2014-05-04,,"PetÅ™iny",40,,,,,Joska,4,,,,,,,Terka,3,,,,,,Tatsukochi,hejtmy,2,,,,,1,,"BÄ›tka",1,,,,,1,,,,,,,,,,,,,,,,,,,,,,,,,,,,,,,,
11989509,142079,"Space Cadets: Dice Duel",,2014-05-15,,"PetÅ™iny",,,,,,Echy,4,,,,,,,Jana,3,,,,,1,Tatsukochi,hejtmy,2,,,,,1,,"BÄ›tka",1,,,,,,,,,,,,,,,,,,,,,,,,,,,,,,,,,,,,,
12016918,129622,"Love Letter",,2014-06-15,,,45,,,,Tatsukochi,hejtmy,1,,6,,,,,"BÄ›tka",2,,2,,,,,Echy,3,,2,,,,,,,,,,,,,,,,,,,,,,,,,,,,,,,,,,,,,,,,,,,
12016947,127067,"King of Tokyo: Power Up!",,2014-06-15,,"PetÅ™iny",30,,,,Tatsukochi,hejtmy,1,,,,,1,,"BÄ›tka",2,,,,,,,Echy,3,,,,,,,Sam,4,,,,,,,Martina,5,,,,,,,,,,,,,,,,,,,,,,,,,,,,,
12016989,146021,"Eldritch Horror",,2014-06-15,,"PetÅ™iny",200,,,"Azathoth game, first game,  we lost horribly",Tatsukochi,hejtmy,1,,,,,,,"BÄ›tka",2,,,,,,,Echy,3,,,,,,,Sam,4,,,,,,,Martina,5,,,,,,,,,,,,,,,,,,,,,,,,,,,,,
12173731,147151,Concept,,2014-07-06,,"PetÅ™iny",60,,,,Tatsukochi,hejtmy,1,,,,,,,"BÄ›tka",2,,,,,,,Echy,3,,,,,1,,Jana,4,,,,,,,,,,,,,,,,,,,,,,,,,,,,,,,,,,,,,
12173740,129622,"Love Letter",,2014-07-06,,"PetÅ™iny",60,,,,Tatsukochi,hejtmy,1,,,,,1,,"BÄ›tka",2,,,,,,,Echy,3,,,,,,,Jana,4,,,,,,,,,,,,,,,,,,,,,,,,,,,,,,,,,,,,,
12173754,121921,"Robinson Crusoe: Adventures on the Cursed Island",,2014-07-06,,"PetÅ™iny",150,,,,Tatsukochi,hejtmy,1,,,,,,,"BÄ›tka",2,,,,,,,Jana,3,,,,,,,,,,,,,,,,,,,,,,,,,,,,,,,,,,,,,,,,,,,,,
12174046,40692,"Small World",,2014-06-29,,"PetÅ™iny",120,,,,Tatsukochi,hejtmy,1,,,,,,,"BÄ›tka",2,,,,,,,Sam,3,,,1,,1,,Martina,4,,,1,,,,Echy,5,,,,,,,,,,,,,,,,,,,,,,,,,,,,,
12174055,129622,"Love Letter",,2014-06-29,,"PetÅ™iny",60,,,,Tatsukochi,hejtmy,1,,,,,,,"BÄ›tka",2,,,,,,,Sam,3,,,,,,,Martina,4,,,,,,,Echy,5,,,,,,,,,,,,,,,,,,,,,,,,,,,,,
12185418,121921,"Robinson Crusoe: Adventures on the Cursed Island",,2014-07-08,,"PetÅ™iny",120,,,"Castaways scenario. Won easily in eleventh round. Never hungry, never sore.",,"BÄ›tka",2,,65,,,1,Tatsukochi,hejtmy,1,,65,,,1,,,,,,,,,,,,,,,,,,,,,,,,,,,,,,,,,,,,,,,,,,,,,,,,
12241310,129622,"Love Letter",,2014-07-18,,NiÅ¾bor,30,,,,,TÃ¡ta,4,,,1,,,,"BÄ›tka",3,,,,,,,Martin,2,,,,,,Tatsukochi,hejtmy,1,,,,,,,,,,,,,,,,,,,,,,,,,,,,,,,,,,,,,
12241311,3076,"Puerto Rico",,2014-07-18,,NiÅ¾bor,120,,,,,Martin,2,,49,1,,,,"BÄ›tka",3,,46,1,,,Tatsukochi,hejtmy,1,,56,,,1,,,,,,,,,,,,,,,,,,,,,,,,,,,,,,,,,,,,,,,,
12292331,131366,"Eight-Minute Empire",,2014-07-24,,Aida,30,,,,Tatsukochi,hejtmy,,,14,1,,,,Echy,,,12,1,,,,"BÄ›tka",,,16,1,,1,,,,,,,,,,,,,,,,,,,,,,,,,,,,,,,,,,,,,,,,
12292332,131366,"Eight-Minute Empire",,2014-07-24,,,30,,,,Tatsukochi,hejtmy,,,13,,,,,Echy,,,17,,,1,,"BÄ›tka",,,15,,,,,,,,,,,,,,,,,,,,,,,,,,,,,,,,,,,,,,,,,,,
12342021,68448,"7 Wonders",,2014-07-31,,"PetÅ™iny",65,,,,Tatsukochi,hejtmy,2,,64,1,,1,,"BÄ›tka",1,,52,1,,,,,,,,,,,,,,,,,,,,,,,,,,,,,,,,,,,,,,,,,,,,,,,,,,
12342524,14996,"Ticket to Ride: Europe",,2014-08-01,,"PetÅ™iny",85,,,,Tatsukochi,hejtmy,2,,138,,,1,,"BÄ›tka",1,,99,,,,,,,,,,,,,,,,,,,,,,,,,,,,,,,,,,,,,,,,,,,,,,,,,,,
12345797,98778,Hanabi,,2014-07-30,,"ÄŒernoÅ¡ice",30,,,"Again messed up by me :) Only 21 POints",Tatsukochi,hejtmy,,,,,,,,MatyÃ¡Å¡,,,,,,,,Jana,,,,,,,,"BÄ›tka",,,,,,,,,,,,,,,,,,,,,,,,,,,,,,,,,,,,,,
12360498,68448,"7 Wonders",,2014-08-02,,"PetÅ™iny",40,,,,,"BÄ›tka",2,,42,,,,Tatsukochi,hejtmy,1,,47,,,1,,,,,,,,,,,,,,,,,,,,,,,,,,,,,,,,,,,,,,,,,,,,,,,,
12365423,68448,"7 Wonders",,2014-08-03,,Braunovka,30,,,,Tatsukochi,hejtmy,2,,42,,,,,"BÄ›tka",1,,49,,,1,,,,,,,,,,,,,,,,,,,,,,,,,,,,,,,,,,,,,,,,,,,,,,,,
12366351,14996,"Ticket to Ride: Europe",,2014-08-03,,Braunovka,,,,,Tatsukochi,hejtmy,2,,92,,,,,"BÄ›tka",1,,138,,,1,,,,,,,,,,,,,,,,,,,,,,,,,,,,,,,,,,,,,,,,,,,,,,,,
12375095,68448,"7 Wonders",,2014-08-05,,Braunovka,45,,,,,"BÄ›tka",2,Babylon,42,,,,,Echy,3,Rhodos,46,1,,,Tatsukochi,hejtmy,1,Giza,52,,,1,,,,,,,,,,,,,,,,,,,,,,,,,,,,,,,,,,,,,,,,
12375106,14996,"Ticket to Ride: Europe",,2014-08-05,,Braunovka,90,,,,,"BÄ›tka",2,,106,,,,,Echy,3,,106,1,,,Tatsukochi,hejtmy,1,,146,,,1,,,,,,,,,,,,,,,,,,,,,,,,,,,,,,,,,,,,,,,,
12380952,14996,"Ticket to Ride: Europe",,2014-08-06,,Braunovka,60,,,,,Jana,4,,66,,,,,Echy,3,,133,,,,,"BÄ›tka",2,,142,,,1,Tatsukochi,hejtmy,1,,135,,,,,,,,,,,,,,,,,,,,,,,,,,,,,,,,,,,
12380956,50381,"Cards Against Humanity",,2014-08-06,,Braunovka,,,,,,Jana,4,,,,,,,Echy,3,,,,,,,"BÄ›tka",2,,,,,1,Tatsukochi,hejtmy,1,,,,,,,,,,,,,,,,,,,,,,,,,,,,,,,,,,,,,
12386749,146021,"Eldritch Horror",,2014-08-07,,Braunovka,240,,,"Azathoth. Won in the last turn. Mythos cards depleted. One investigator dead.",,Jana,4,,,,,1,,Echy,3,,,,,1,Tatsukochi,hejtmy,2,,,,,1,,"BÄ›tka",1,,,,,1,,,,,,,,,,,,,,,,,,,,,,,,,,,,,,,,
12387284,146021,"Eldritch Horror",,2014-08-07,,Braunovka,210,,,"Yig. The world has been saved, the mysteries solved before the ancient one could impose his rule onto the town of Oklahoma. Nobody died. Seemed too easy after we were able to complete the first mystery by sacrificing a research student and a vicar.",,"BÄ›tka",4,,,,,1,,Jana,3,,,,,1,,Echy,2,,,,,1,Tatsukochi,hejtmy,1,,,,,1,,,,,,,,,,,,,,,,,,,,,,,,,,,,,,,,
12387520,68448,"7 Wonders",,2014-08-07,,Braunovka,30,,,,,"BÄ›tka",2,Giza,51,,,,,Echy,3,Rhodos,54,,,,Tatsukochi,hejtmy,1,Olympia,55,,,1,,,,,,,,,,,,,,,,,,,,,,,,,,,,,,,,,,,,,,,,
12387540,131366,"Eight-Minute Empire",,2014-08-05,,Braunovka,25,,,,,"BÄ›tka",,,,,,1,,Echy,,,,,,,Tatsukochi,hejtmy,,,,,,,,,,,,,,,,,,,,,,,,,,,,,,,,,,,,,,,,,,,,,,
12429052,121921,"Robinson Crusoe: Adventures on the Cursed Island",,2014-08-11,,"Lake Como",60,,,"Second scenario, easily finnished in the seventh round. Nobody even went through a demoralizing health bar. Carpenter and Explorer are the best. Friday helped a bit.",,"BÄ›tka",2,,,,,1,Tatsukochi,hejtmy,1,,,,,1,,,,,,,,,,,,,,,,,,,,,,,,,,,,,,,,,,,,,,,,,,,,,,,,
12431999,14996,"Ticket to Ride: Europe",,2014-08-12,,"Lake Como",90,,,"Cesta z KodanÄ› do Erzurumu se opÄ›t projevila jako silnÄ› vÃ­tÄ›znÃ¡",,MÃ¡ma,5,,89,1,,,,TÃ¡ta,4,,103,,,,,Martin,3,,110,,,,,"BÄ›tka",2,,140,,,1,Tatsukochi,hejtmy,1,,115,,,,,,,,,,,,,,,,,,,,,,,,,,,
12441804,68448,"7 Wonders",,2014-08-13,,"Lake Como",40,,,,,"BÄ›tka",2,Olympia,47,,,,Tatsukochi,hejtmy,1,Alexandria,56,,,1,,Martin,3,Helikarnassos,44,1,,,,,,,,,,,,,,,,,,,,,,,,,,,,,,,,,,,,,,,,,,
12449526,98778,Hanabi,,2014-08-07,,Braunovka,40,,,"TÃ©mÄ›Å™ dokonalÃ½ ohÅˆostroj. 23 bodÅ¯.",,Jana,4,,,,,,,Echy,3,,,,,,,"BÄ›tka",2,,,,,,Tatsukochi,hejtmy,1,,,,,,,,,,,,,,,,,,,,,,,,,,,,,,,,,,,,,
12476020,14996,"Ticket to Ride: Europe",,2014-08-17,,"Lake Como",90,,,,,MÃ¡ma,5,,112,,,,,TÃ¡ta,4,,75,,,,,Martin,3,,106,,,,,"BÄ›tka",2,,133,,,1,Tatsukochi,hejtmy,1,,58,,,,,,,,,,,,,,,,,,,,,,,,,,,
12539697,68448,"7 Wonders",,2014-08-26,,NiÅ¾bor,40,,,,,BertÃ­k,2,Giza,49,1,,1,,"BÄ›tka",3,Rhodos,35,,,,Tatsukochi,hejtmy,1,Olympia,51,,,1,,,,,,,,,,,,,,,,,,,,,,,,,,,,,,,,,,,,,,,,
12540499,14996,"Ticket to Ride: Europe",,2014-08-26,,NiÅ¾bor,80,,,,,BertÃ­k,2,,107,1,,,,"BÄ›tka",3,,124,,,,Tatsukochi,hejtmy,1,,132,,,1,,,,,,,,,,,,,,,,,,,,,,,,,,,,,,,,,,,,,,,,
12540862,68448,"7 Wonders",,2014-08-27,,NiÅ¾bor,30,,,,,BertÃ­k,2,Olympia,34,,,,,"BÄ›tka",3,Helikarnassos,38,,,,Tatsukochi,hejtmy,1,Giza,52,,,1,,,,,,,,,,,,,,,,,,,,,,,,,,,,,,,,,,,,,,,,
12540888,68448,"7 Wonders",,2014-08-27,,NiÅ¾bor,25,,,,,BertÃ­k,2,Alexandria,41,,,,,"BÄ›tka",3,Helikarnassos,44,,,,Tatsukochi,hejtmy,1,Rhodos,60,,,1,,,,,,,,,,,,,,,,,,,,,,,,,,,,,,,,,,,,,,,,
12541266,129622,"Love Letter",,2014-08-27,,NiÅ¾bor,45,,,,,BertÃ­k,2,,,1,,,,"BÄ›tka",3,,,,,,Tatsukochi,hejtmy,1,,,,,,,,,,,,,,,,,,,,,,,,,,,,,,,,,,,,,,,,,,,,,
12545957,14996,"Ticket to Ride: Europe",,2014-08-27,,NiÅ¾bor,80,,,,,BertÃ­k,2,,78,,,,,"BÄ›tka",3,,98,,,,Tatsukochi,hejtmy,1,,144,,,1,,,,,,,,,,,,,,,,,,,,,,,,,,,,,,,,,,,,,,,,
12546227,14996,"Ticket to Ride: Europe",,2014-08-27,,NiÅ¾bor,60,,,,,BertÃ­k,2,,115,,,,,"BÄ›tka",3,,125,,,1,Tatsukochi,hejtmy,1,,103,,,,,,,,,,,,,,,,,,,,,,,,,,,,,,,,,,,,,,,,,,,
12617461,123540,Tokaido,,2014-09-05,,"BÅ™evnov",60,,,,,TÃ¡ta,5,,,1,,,,MÃ¡ma,4,,,1,,1,,Martin,3,,,1,,,,"BÄ›tka",2,,,1,,,Tatsukochi,hejtmy,1,,,1,,,,,,,,,,,,,,,,,,,,,,,,,,
12617487,133038,"Pathfinder Adventure Card Game: Rise of the Runelords â€“ Base Set",,2014-09-04,,"PetÅ™iny",90,,,"First game with Erzen and the elvish rogue. Won by an inch",,"BÄ›tka",2,,,1,,1,Tatsukochi,hejtmy,1,,,1,,1,,,,,,,,,,,,,,,,,,,,,,,,,,,,,,,,,,,,,,,,,,,,,,,,
12618290,133038,"Pathfinder Adventure Card Game: Rise of the Runelords â€“ Base Set",,2014-09-06,,"PetÅ™iny",80,,,"Second scenario. We went through it slowly, searching the decks for good cards. Killed the dangerous alchemist in just the time.",,"BÄ›tka",2,,,,,,Tatsukochi,hejtmy,1,,,,,,,,,,,,,,,,,,,,,,,,,,,,,,,,,,,,,,,,,,,,,,,,,,,,,
12658469,123540,Tokaido,,2014-09-13,,"PetÅ™iny",40,,,,,"BÄ›tka",2,,69,,,,Tatsukochi,hejtmy,3,,78,1,,1,,Echy,1,,76,1,,,,,,,,,,,,,,,,,,,,,,,,,,,,,,,,,,,,,,,,,,
12658490,133038,"Pathfinder Adventure Card Game: Rise of the Runelords â€“ Base Set",,2014-09-13,,"PetÅ™iny",80,,,"The first scenario again with the mighty bard helping along the way. Gained a bunch of spells and items and got prepared for the next adventure.",,"BÄ›tka",2,,,,,,Tatsukochi,hejtmy,3,,,,,,,Echy,1,,,1,,,,,,,,,,,,,,,,,,,,,,,,,,,,,,,,,,,,,,,,,,
12684395,102794,"Caverna: The Cave Farmers",,2014-09-16,,"PetÅ™iny",120,,,,,"BÄ›tka",2,,43,1,,,Tatsukochi,hejtmy,1,,84,1,,1,,,,,,,,,,,,,,,,,,,,,,,,,,,,,,,,,,,,,,,,,,,,,,,,
12692296,69552,"Panic Station",,2014-09-16,,"U Radka",150,,,"Very long and in the end easy accomplished game..... It isn't well designed",Tatsukochi,hejtmy,,,,,,,,"BÄ›tka",,,,,,,,Radek,,,,,,,,"HelÄa",,,,,,,,Mirka,,,,,,,,Ondra,,,,,,,,,,,,,,,,,,,,,,
12704199,121921,"Robinson Crusoe: Adventures on the Cursed Island",,2014-09-19,,"PetÅ™iny",90,,,"Saving Jenny. Saved her with the last two health and sailed away on the very last round with just the right amount of everything. Two turns before the last one we rolled like gods to make it up for the miserable five up to that moment. Echy was almost dead from the beginning, nobody had any food to eat and camp to settle our heads at. Horrible but rewarding experience",,"BÄ›tka",2,,,,,1,,Echy,3,,,,,1,Tatsukochi,hejtmy,1,,,,,1,,,,,,,,,,,,,,,,,,,,,,,,,,,,,,,,,,,,,,,,
12704210,133038,"Pathfinder Adventure Card Game: Rise of the Runelords â€“ Base Set",,2014-09-19,,"PetÅ™iny",120,,,"Second scenario with the help of a sorceress and cleric. Won in the last round. Some heavy strategy was going on!",,"HelÄa",5,,,,,,,Radek,4,,,,,,,Echy,3,,,,,,,"BÄ›tka",2,,,,,,Tatsukochi,hejtmy,1,,,,,,,,,,,,,,,,,,,,,,,,,,,,,
12754971,24480,"The Pillars of the Earth",,2014-09-26,,"U MokriÅ¡Å¯",120,,,,Tatsukochi,hejtmy,,,44,1,,,,Echy,,,44,1,,,,Sam,,,49,,,1,,,,,,,,,,,,,,,,,,,,,,,,,,,,,,,,,,,,,,,,
12755034,121921,"Robinson Crusoe: Adventures on the Cursed Island",,2014-09-27,,"U MokriÅ¡Å¯",120,,,"Castaways scenario. Won easily in the tenth round. No big challenge.",Tatsukochi,hejtmy,2,,,,,1,,Sam,3,,,,,1,,Echy,1,,,,,1,,,,,,,,,,,,,,,,,,,,,,,,,,,,,,,,,,,,,,,,
12797048,2511,"Sherlock Holmes Consulting Detective",,2014-10-03,,"PetÅ™iny",120,,,"Very bad first case. We lost horribly. Got minus five points, pointed at wrong culprit. Didn't get but one question right. Let's do better next time",Tatsukochi,hejtmy,2,,-5,,,,,Echy,3,,,,,,,"BÄ›tka",1,,,,,,,,,,,,,,,,,,,,,,,,,,,,,,,,,,,,,,,,,,,,,
12797836,133038,"Pathfinder Adventure Card Game: Rise of the Runelords â€“ Base Set",,2014-10-04,,"PetÅ™iny",120,,,"Finished bade set game. Easy!",,"BÄ›tka",2,,,,,,,Martin,4,,,1,,,,Echy,3,,,,,,Tatsukochi,hejtmy,1,,,,,,,,,,,,,,,,,,,,,,,,,,,,,,,,,,,,,
12797839,129622,"Love Letter",,2014-10-03,,"PetÅ™iny",20,,,,,"BÄ›tka",2,,,,,,,Martin,3,,,,,,Tatsukochi,hejtmy,1,,,,,,,,,,,,,,,,,,,,,,,,,,,,,,,,,,,,,,,,,,,,,
12797845,70323,"King of Tokyo",,2014-10-03,,"PetÅ™iny",15,,,,,"BÄ›tka",2,,,,,,,Martin,3,,,,,,Tatsukochi,hejtmy,1,,,,,1,,,,,,,,,,,,,,,,,,,,,,,,,,,,,,,,,,,,,,,,
12797854,70323,"King of Tokyo",,2014-10-03,,"PetÅ™iny",25,,,,,"BÄ›tka",2,,,,,,,Martin,3,,,,,,Tatsukochi,hejtmy,1,,,,,1,,,,,,,,,,,,,,,,,,,,,,,,,,,,,,,,,,,,,,,,
12802117,134453,"The Little Prince: Make Me a Planet",,2014-10-04,,DeskohranÃ­,25,,,,,"BÄ›tka",2,,,,,,,Echy,3,,,1,,,Tatsukochi,hejtmy,1,,,1,,,,,,,,,,,,,,,,,,,,,,,,,,,,,,,,,,,,,,,,,,
12802382,134453,"The Little Prince: Make Me a Planet",,2014-10-04,,DeskohranÃ­,,,,,,"BÄ›tka",2,,39,,,,,Martin,4,,43,,,,,Echy,3,,41,,,,Tatsukochi,hejtmy,1,,45,,,1,,,,,,,,,,,,,,,,,,,,,,,,,,,,,,,,
12802403,38054,"Snow Tails",,2014-10-04,,DeskohranÃ­,,,,,,"BÄ›tka",2,,,,,,,Martin,4,,,,,,,Echy,3,,,1,,1,Tatsukochi,hejtmy,1,,,,,,,,,,,,,,,,,,,,,,,,,,,,,,,,,,,,,
12802983,156009,"Port Royal",,2014-10-04,,DeskohranÃ­,15,,,,,"BÄ›tka",2,,,,,,,Echy,3,,,,,,Tatsukochi,hejtmy,1,,,,,1,,,,,,,,,,,,,,,,,,,,,,,,,,,,,,,,,,,,,,,,
12802987,156009,"Port Royal",,2014-10-04,,DeskohranÃ­,20,,,,,"BÄ›tka",2,,,,,1,,Echy,3,,,,,,Tatsukochi,hejtmy,1,,,,,,,,,,,,,,,,,,,,,,,,,,,,,,,,,,,,,,,,,,,,,
12828430,124742,"Android: Netrunner",,2014-10-07,,"PetÅ™iny",40,1,,"HB vs Noise. BÄ›tka zapomnÄ›la zamÃ­chat neutrÃ¡lnÃ­ karty do balÃ­Äku, takÅ¾e ve hÅ™e nebylo dost agend :-)",Tatsukochi,hejtmy,,,,,,,,"BÄ›tka",,,,,,,,,,,,,,,,,,,,,,,,,,,,,,,,,,,,,,,,,,,,,,,,,,,,,,
12828458,12333,"Twilight Struggle",,2014-10-07,,DeskohranÃ­,180,1,,"OdehrÃ¡ny ÄtyÅ™i tahy. JÃ¡ za SSSR, BÄ›tka za USA. Vedl jsem s deseti body, ale nemÄ›li jsme sÃ­lu hru dokonÄit.",,"BÄ›tka",2,,,,,,Tatsukochi,hejtmy,1,,,,,,,,,,,,,,,,,,,,,,,,,,,,,,,,,,,,,,,,,,,,,,,,,,,,,
12859610,156009,"Port Royal",,2014-10-12,,DeskohranÃ­,20,,,,,"BÄ›tka",2,,,,,,,Echy,3,,,,,,Tatsukochi,hejtmy,1,,,,,1,,,,,,,,,,,,,,,,,,,,,,,,,,,,,,,,,,,,,,,,
12859625,73761,K2,,2014-10-12,,DeskohranÃ­,120,,,,,"BÄ›tka",2,,16,1,,,,Echy,3,,17,1,,1,Tatsukochi,hejtmy,1,,15,1,,,,,,,,,,,,,,,,,,,,,,,,,,,,,,,,,,,,,,,,,,
12859654,1234,"Once Upon a Time: The Storytelling Card Game",,2014-10-12,,DeskohranÃ­,30,,,"PÅ™Ã­bÄ›h o stÅ™evÃ­cÃ­ch, kterÃ© nutily krÃ¡lovnu tanÄit a tanÄit aÅ¾ umÅ™ela. A krÃ¡li kterÃ½ je nazul a tanÄil aÅ¾ do smrti",,Echy,2,,,,,,,"BÄ›tka",3,,,,,,Tatsukochi,hejtmy,1,,,,,,,,,,,,,,,,,,,,,,,,,,,,,,,,,,,,,,,,,,,,,
12859705,1234,"Once Upon a Time: The Storytelling Card Game",,2014-10-12,,DeskohranÃ­,30,,,"PÅ™Ã­bÄ›h o uÄenÃ­ se pravidel, Å¾abÄ›, ÄarodÄ›jnici, obrovi a pirÃ¡tech, co ÄarodÄ›jnici unesli.",,Echy,2,,,,,,,"BÄ›tka",3,,,,,,Tatsukochi,hejtmy,1,,,,,,,,,,,,,,,,,,,,,,,,,,,,,,,,,,,,,,,,,,,,,
12859757,1234,"Once Upon a Time: The Storytelling Card Game",,2014-10-12,,DeskohranÃ­,,,,"PÅ™Ã­bÄ›h o pastÃ½Å™ce a jeskyni, ve  kterÃ© ÄÃ­hÃ¡ temnÃ¡ hrozba. JejÃ­m milÃ©m TonÃ­kovi, kterÃ½ pracoval v zÃ¡moÅ™skÃ©m pÅ™esunu komodit. Smrti milovanÃ©, rozcupovanÃ© na kusy. TonÃ­k se vrÃ¡til do Zanzibaru, sebral dostupnÃ© zemÄ›dÄ›lskÃ© nÃ¡stroje a byl zatÄen za vraÅ¾du svÃ© milÃ©. Na konci opuÅ¡tÄ›n.",,Echy,2,,,,,,,"BÄ›tka",3,,,,,,Tatsukochi,hejtmy,1,,,,,,,,,,,,,,,,,,,,,,,,,,,,,,,,,,,,,,,,,,,,,
12956264,39463,"Cosmic Encounter",,2014-10-25,,"PetÅ™iny",90,,,"Epic game with zombies, reserves, vulchs and parasites. I don't even know and care who won :-)",,KarolÃ­na,4,,,,,,,Petr,3,,,,,,,"BÄ›tka",2,,,,,,Tatsukochi,hejtmy,1,,,,,,,,,,,,,,,,,,,,,,,,,,,,,,,,,,,,,
12956290,123540,Tokaido,,2014-10-26,,"PetÅ™iny",45,,,,,KarolÃ­na,2,,,1,,,,"BÄ›tka",4,,,,,,Tatsukochi,hejtmy,3,,,,,,,Petr,1,,,1,,1,,,,,,,,,,,,,,,,,,,,,,,,,,,,,,,,
12956304,38453,"Space Alert",,2014-10-25,,"PetÅ™iny",20,,,"First ever game. Survived barely. Lots of cards placed wrong, some weren't even placed at all :-)",,KarolÃ­na,2,,,,,,,"BÄ›tka",4,,,,,,Tatsukochi,hejtmy,3,,,,,,,Petr,1,,,,,,,,,,,,,,,,,,,,,,,,,,,,,,,,,,,,,
12956312,129622,"Love Letter",,2014-10-26,,"PetÅ™iny",20,,,,,KarolÃ­na,2,,,,,,,"BÄ›tka",4,,,,,,Tatsukochi,hejtmy,3,,,,,,,Petr,1,,,,,,,,,,,,,,,,,,,,,,,,,,,,,,,,,,,,,
12956320,98778,Hanabi,,2014-10-26,,"PetÅ™iny",25,,,,,KarolÃ­na,2,,,,,,,"BÄ›tka",4,,,,,,Tatsukochi,hejtmy,3,,,,,,,Petr,1,,,,,,,,,,,,,,,,,,,,,,,,,,,,,,,,,,,,,
13000909,2653,"Survive: Escape from Atlantis!",,2014-10-31,,"PetÅ™iny",60,,,,,"BÄ›tka",2,,13,1,,,,Echy,3,,17,1,,1,Tatsukochi,hejtmy,1,,12,1,,,,,,,,,,,,,,,,,,,,,,,,,,,,,,,,,,,,,,,,,,
13000919,133038,"Pathfinder Adventure Card Game: Rise of the Runelords â€“ Base Set",,2014-10-31,,"PetÅ™iny",50,,,"First scenario from burnt offerings",,"BÄ›tka",2,,,,,,,Echy,3,,,,,,Tatsukochi,hejtmy,1,,,,,,,,,,,,,,,,,,,,,,,,,,,,,,,,,,,,,,,,,,,,,
13005190,2511,"Sherlock Holmes Consulting Detective",,2014-11-01,,"PetÅ™iny",180,,,"Second case. This time we actually thought about it :-) solved it! And scored positive 40 points. Answered all questions but two! We played it from one am till four am. Echy went home with one of the last night busses :-)",,"BÄ›tka",2,,,,,,,Echy,3,,,,,,Tatsukochi,hejtmy,1,,,,,,,,,,,,,,,,,,,,,,,,,,,,,,,,,,,,,,,,,,,,,
13053767,77423,"The Lord of the Rings: The Card Game",,2014-11-08,,"PetÅ™iny",75,,,"First scenario. 133 points.",,"BÄ›tka",2,,133,1,,1,Tatsukochi,hejtmy,1,,133,1,,1,,,,,,,,,,,,,,,,,,,,,,,,,,,,,,,,,,,,,,,,,,,,,,,,
13054262,133038,"Pathfinder Adventure Card Game: Rise of the Runelords â€“ Base Set",,2014-11-08,,"PetÅ™iny",60,,,"Two fast solo rounds with to new character to level up.",Tatsukochi,hejtmy,1,,,,,,,,,,,,,,,,,,,,,,,,,,,,,,,,,,,,,,,,,,,,,,,,,,,,,,,,,,,,,
13064168,77423,"The Lord of the Rings: The Card Game",,2014-11-09,,"PetÅ™iny",45,,,"Leadership deck. Casual game without problems, but incredibly slow.  Score 155",Tatsukochi,hejtmy,1,,,,,,,,,,,,,,,,,,,,,,,,,,,,,,,,,,,,,,,,,,,,,,,,,,,,,,,,,,,,,
13234668,124742,"Android: Netrunner",,2014-11-28,,"PetÅ™iny",30,,,"NejvÃ­c prohrÃ¡l. MÄ›l jsem zcela plnou ruku agend a Å¾Ã¡dnÃ½ ice, nic :-)",Tatsukochi,hejtmy,,,,,,,,Echy,,,,,,1,,,,,,,,,,,,,,,,,,,,,,,,,,,,,,,,,,,,,,,,,,,,,,,,
13234680,124742,"Android: Netrunner",,2014-11-29,,"PetÅ™iny",60,,,"LepÅ¡Ã­, ale zase jsem prohrÃ¡l. UltimÃ¡tnÃ­ run na R&D se stimhackem, trash all programs, did not help. Lost.",Tatsukochi,hejtmy,,,,,,,,Echy,,,,,,1,,,,,,,,,,,,,,,,,,,,,,,,,,,,,,,,,,,,,,,,,,,,,,,,
13383105,28143,"Race for the Galaxy",,2014-12-16,,"DobrÃ¡ Trafika",120,,,,,"BÄ›tka",2,,,,,,Tatsukochi,hejtmy,3,,,,,,,Echy,1,,,,,,,,,,,,,,,,,,,,,,,,,,,,,,,,,,,,,,,,,,,,,
13392395,147151,Concept,,2014-12-21,,NiÅ¾bor,60,,,,,AdÃ©la,5,,,,,,,Mates,7,,,,,,,KarolÃ­na,4,,,1,,,,"BÄ›tka",3,,,,,1,,Martin,2,,,,,,,"Kuba H.",6,,,,,,Tatsukochi,hejtmy,1,,,,,,,,,,,,,
13421322,124742,"Android: Netrunner",,2014-12-23,,NiÅ¾bor,120,,,,Tatsukochi,hejtmy,,,,,,,,Martin,,,,,,,,,,,,,,,,,,,,,,,,,,,,,,,,,,,,,,,,,,,,,,,,,,,,,,
13421326,28143,"Race for the Galaxy",,2014-12-24,,NiÅ¾bor,20,,,,,Martin,2,,,,,1,Tatsukochi,hejtmy,1,,,,,,,,,,,,,,,,,,,,,,,,,,,,,,,,,,,,,,,,,,,,,,,,,,,,,
13421328,28143,"Race for the Galaxy",,2014-12-23,,NiÅ¾bor,40,,,,,Martin,2,,,1,,,Tatsukochi,hejtmy,1,,,,,1,,,,,,,,,,,,,,,,,,,,,,,,,,,,,,,,,,,,,,,,,,,,,,,,
13430210,28143,"Race for the Galaxy",,2014-12-25,,NiÅ¾bor,15,,,,,Martin,2,,9,,,,Tatsukochi,hejtmy,1,,20,,,1,,,,,,,,,,,,,,,,,,,,,,,,,,,,,,,,,,,,,,,,,,,,,,,,
13430216,28143,"Race for the Galaxy",,2014-12-25,,NiÅ¾bor,,,,,,Martin,2,,13,,,,Tatsukochi,hejtmy,1,,15,,,1,,,,,,,,,,,,,,,,,,,,,,,,,,,,,,,,,,,,,,,,,,,,,,,,
13430693,134453,"The Little Prince: Make Me a Planet",,2014-12-25,,NiÅ¾bor,40,,,,,Martin,2,,48,,,1,,MÃ¡ma,3,,41,1,,,Tatsukochi,hejtmy,1,,34,,,,,,,,,,,,,,,,,,,,,,,,,,,,,,,,,,,,,,,,,,,
13430702,134453,"The Little Prince: Make Me a Planet",,2014-12-25,,NiÅ¾bor,30,,,,,Martin,2,,17,,,,,MÃ¡ma,3,,48,,,1,Tatsukochi,hejtmy,1,,24,,,,,,,,,,,,,,,,,,,,,,,,,,,,,,,,,,,,,,,,,,,
13430839,134453,"The Little Prince: Make Me a Planet",,2014-12-25,,NiÅ¾bor,20,,,,,Martin,2,,43,,,1,,MÃ¡ma,3,,30,,,,Tatsukochi,hejtmy,1,,40,,,,,,,,,,,,,,,,,,,,,,,,,,,,,,,,,,,,,,,,,,,
13433777,39856,Dixit,,2014-12-26,,NiÅ¾bor,80,,,,,AdÃ©la,5,,,,,,,Mates,7,,,,,,,KarolÃ­na,4,,,,,,,Martin,3,,,,,,Tatsukochi,hejtmy,2,,,,,,,"Kuba H.",6,,,,,,,"BÄ›tka",1,,,,,,,,,,,,,
13440519,28143,"Race for the Galaxy",,2014-12-26,,NiÅ¾bor,20,,,,,"BÄ›tka",2,,11,,,,,Martin,3,,,,,,Tatsukochi,hejtmy,1,,21,,,1,,,,,,,,,,,,,,,,,,,,,,,,,,,,,,,,,,,,,,,,
13443448,102794,"Caverna: The Cave Farmers",,2014-12-26,,NiÅ¾bor,180,,,,,"BÄ›tka",2,,59,,,,,Martin,3,,67,1,,,Tatsukochi,hejtmy,1,,84,,,1,,,,,,,,,,,,,,,,,,,,,,,,,,,,,,,,,,,,,,,,
13455284,28143,"Race for the Galaxy",,2014-12-27,,NiÅ¾bor,20,,,,,"BÄ›tka",2,,21,,,1,,Martin,3,,10,,,,Tatsukochi,hejtmy,1,,12,,,,,,,,,,,,,,,,,,,,,,,,,,,,,,,,,,,,,,,,,,,
13455304,28143,"Race for the Galaxy",,2014-12-27,,NiÅ¾bor,30,,,,,"BÄ›tka",2,,15,,,,,Martin,3,,11,,,,Tatsukochi,hejtmy,1,,15,,,,,,,,,,,,,,,,,,,,,,,,,,,,,,,,,,,,,,,,,,,
13465034,28143,"Race for the Galaxy",,2014-12-28,,NiÅ¾bor,15,,,,,"BÄ›tka",2,,15,,,,,Echy,3,,18,,,1,Tatsukochi,hejtmy,1,,17,,,,,,,,,,,,,,,,,,,,,,,,,,,,,,,,,,,,,,,,,,,
13465038,28143,"Race for the Galaxy",,2014-12-28,,NiÅ¾bor,20,,,,,"BÄ›tka",2,,13,,,,,Echy,3,,12,,,,Tatsukochi,hejtmy,1,,15,,,1,,,,,,,,,,,,,,,,,,,,,,,,,,,,,,,,,,,,,,,,
13473544,164153,"Star Wars: Imperial Assault",,2014-12-29,,NiÅ¾bor,180,,,"First campaign mission. Echy imperial mastermind, rebels lost horribly for important oversight of rules. We will do better next  time.",,"BÄ›tka",2,,,,,,,Jana,4,,,,,,,Echy,3,,,,,,Tatsukochi,hejtmy,1,,,,,,,,,,,,,,,,,,,,,,,,,,,,,,,,,,,,,
13488735,164153,"Star Wars: Imperial Assault",,2014-12-29,,NiÅ¾bor,120,,,"Second mission, saving Chewie. Made quite a lot of mistakes, quarreled about rules. Rebels lost again, but likely due to misinterpreted rules.",,Jana,5,,,,,,,Echy,4,,,,,,,"BÄ›tka",3,,,,,,,Martin,2,,,,,,Tatsukochi,hejtmy,1,,,,,,,,,,,,,,,,,,,,,,,,,,,,,
13500672,39463,"Cosmic Encounter",,2014-12-30,,NiÅ¾bor,90,,,"In the last turn, everybody invaded my colony and I was the only one to loose. Cool. I hate pacifists.",,"BÄ›tka",2,,,,,1,,Jana,4,,,,,1,,Echy,3,,,,,1,Tatsukochi,hejtmy,1,,,,,,,,,,,,,,,,,,,,,,,,,,,,,,,,,,,,,
13507410,39463,"Cosmic Encounter",,2015-01-01,,NiÅ¾bor,120,,,"Negotiations in the last turn led to the win of Echy and BÄ›tka. Zombie power did nothing good.",,"BÄ›tka",2,,,,,1,,Martin,4,,,,,,,Echy,3,,,,,1,Tatsukochi,hejtmy,1,,,,,,,,,,,,,,,,,,,,,,,,,,,,,,,,,,,,,
13507418,124742,"Android: Netrunner",,2014-12-31,,NiÅ¾bor,30,,,,,"BÄ›tka",2,,,,,,Tatsukochi,hejtmy,1,,,,,,,,,,,,,,,,,,,,,,,,,,,,,,,,,,,,,,,,,,,,,,,,,,,,,
13524550,28143,"Race for the Galaxy",,2015-01-01,,NiÅ¾bor,15,,,,,"BÄ›tka",2,,,,,,,Echy,3,,,,,,Tatsukochi,hejtmy,1,,,,,1,,,,,,,,,,,,,,,,,,,,,,,,,,,,,,,,,,,,,,,,
13524558,28143,"Race for the Galaxy",,2015-01-01,,NiÅ¾bor,20,,,,,"BÄ›tka",2,,,,,,,Echy,3,,,,,,Tatsukochi,hejtmy,1,,,,,1,,,,,,,,,,,,,,,,,,,,,,,,,,,,,,,,,,,,,,,,
13524581,164153,"Star Wars: Imperial Assault",,2015-01-01,,NiÅ¾bor,240,,,"Third mission. Tied with the imperial player. Lost in the seventh round out of eight.",,"BÄ›tka",2,,,,,,,Echy,4,,,,,,,Martin,3,,,,,,Tatsukochi,hejtmy,1,,,,,,,,,,,,,,,,,,,,,,,,,,,,,,,,,,,,,
13527429,102794,"Caverna: The Cave Farmers",,2015-01-01,,NiÅ¾bor,160,,,,,"BÄ›tka",2,,58,,,,,Echy,3,,85,,,,Tatsukochi,hejtmy,1,,130,,,1,,,,,,,,,,,,,,,,,,,,,,,,,,,,,,,,,,,,,,,,
13603836,73761,K2,,2015-01-08,,"BÅ™evnov",120,,,,,Martin,2,,17,,,,,MÃ¡ma,4,,16,,,,Tatsukochi,hejtmy,3,,20,,,1,,"BÄ›tka",1,,11,,,,,,,,,,,,,,,,,,,,,,,,,,,,,,,,,,,
13618715,148228,Splendor,,2015-01-09,,,45,,,,,Martin,2,,16,1,,,,"BÄ›tka",3,,10,1,,,Tatsukochi,hejtmy,1,,16,1,,,,,,,,,,,,,,,,,,,,,,,,,,,,,,,,,,,,,,,,,,
13619633,148228,Splendor,,2015-01-09,,,30,,,,,Martin,2,,7,,,,,"BÄ›tka",3,,12,,,,Tatsukochi,hejtmy,1,,16,,,1,,,,,,,,,,,,,,,,,,,,,,,,,,,,,,,,,,,,,,,,
13630669,154203,"Imperial Settlers",,2015-01-10,,"PetÅ™iny",70,,,,,"BÄ›tka",2,Barbarians,39,1,,,Tatsukochi,hejtmy,1,Romans,41,1,,1,,,,,,,,,,,,,,,,,,,,,,,,,,,,,,,,,,,,,,,,,,,,,,,,
13632440,154203,"Imperial Settlers",,2015-01-10,,"PetÅ™iny",90,,,"AÅ¾ s podivem dobÅ™e chodÃ­cÃ­ karty.",,"BÄ›tka",2,Romans,42,,,,Tatsukochi,hejtmy,1,Barbarians,92,,,1,,,,,,,,,,,,,,,,,,,,,,,,,,,,,,,,,,,,,,,,,,,,,,,,
13653211,154203,"Imperial Settlers",,2015-01-12,,"PetÅ™iny",90,,,,,"BÄ›tka",2,Egyptians,41,,,,Tatsukochi,hejtmy,1,Japanese,45,,,1,,,,,,,,,,,,,,,,,,,,,,,,,,,,,,,,,,,,,,,,,,,,,,,,
13699127,28143,"Race for the Galaxy",,2015-01-17,,"PetÅ™iny",30,,,,Tatsukochi,hejtmy,2,,37,,,1,,"BÄ›tka",1,,20,,,,,,,,,,,,,,,,,,,,,,,,,,,,,,,,,,,,,,,,,,,,,,,,,,,
13699436,124742,"Android: Netrunner",,2015-01-17,,"PetÅ™iny",20,,,,Tatsukochi,hejtmy,2,Noise,8,,,1,,"BÄ›tka",1,Weyland,1,,,,,,,,,,,,,,,,,,,,,,,,,,,,,,,,,,,,,,,,,,,,,,,,,,,
13700229,124742,"Android: Netrunner",,2015-01-17,,"PetÅ™iny",5,,,"Scorched to death",Tatsukochi,hejtmy,2,,,,,,,"BÄ›tka",1,,,,,1,,,,,,,,,,,,,,,,,,,,,,,,,,,,,,,,,,,,,,,,,,,,,,,,
13700239,124742,"Android: Netrunner",,2015-01-17,,"PetÅ™iny",30,,,,Tatsukochi,hejtmy,2,,3,,,,,"BÄ›tka",1,,7,,,1,,,,,,,,,,,,,,,,,,,,,,,,,,,,,,,,,,,,,,,,,,,,,,,,
13701789,154203,"Imperial Settlers",,2015-01-18,,"PetÅ™iny",80,,,,Tatsukochi,hejtmy,2,Egyptians,108,,,1,,"BÄ›tka",1,Barbarians,56,,,,,,,,,,,,,,,,,,,,,,,,,,,,,,,,,,,,,,,,,,,,,,,,,,,
13752936,154203,"Imperial Settlers",,2015-01-22,,"PetÅ™iny",120,,,,,"BÄ›tka",2,Romans,58,,,,,Martin,3,Egyptians,68,1,,,Tatsukochi,hejtmy,1,Barbarians,98,,,1,,,,,,,,,,,,,,,,,,,,,,,,,,,,,,,,,,,,,,,,
13814652,154203,"Imperial Settlers",,2015-01-28,,"PetÅ™iny",200,,,,,Echy,2,Japanese,76,1,,,,"BÄ›tka",3,Barbarians,79,,,1,Tatsukochi,hejtmy,1,Egyptians,79,,,1,,,,,,,,,,,,,,,,,,,,,,,,,,,,,,,,,,,,,,,,
13815771,2653,"Survive: Escape from Atlantis!",,2015-01-28,,"PetÅ™iny",,,,,,Echy,2,,17,,,,,Ester,4,,12,1,,,,"BÄ›tka",3,,15,,,,Tatsukochi,hejtmy,1,,18,,,1,,,,,,,,,,,,,,,,,,,,,,,,,,,,,,,,
13816469,121408,Trains,,2015-01-29,,"PetÅ™iny",120,,,,,Ester,4,,31,1,,,,"BÄ›tka",3,,25,1,,,,Echy,2,,31,1,,,Tatsukochi,hejtmy,1,,37,1,,1,,,,,,,,,,,,,,,,,,,,,,,,,,,,,,,,
13905377,156714,"Doomtown: Reloaded",,2015-02-05,,"PetÅ™iny",60,,,"Introductory game",Tatsukochi,hejtmy,2,,,,,,,"BÄ›tka",1,,,,,,,,,,,,,,,,,,,,,,,,,,,,,,,,,,,,,,,,,,,,,,,,,,,,,
13934877,156714,"Doomtown: Reloaded",,2015-02-10,,"PetÅ™iny",25,,,"First real game. I won in the first turn.",,"BÄ›tka",2,,,,,,Tatsukochi,hejtmy,1,,,,,1,,,,,,,,,,,,,,,,,,,,,,,,,,,,,,,,,,,,,,,,,,,,,,,,
13934891,156714,"Doomtown: Reloaded",,2015-02-10,,"PetÅ™iny",30,,,"Second game. Won in the second turn. BÄ›tka is angry and doesn't want to play this anymore. She doesn't get it. Finally understood Netrunner and then this? Frak me she said. This game is soooo complicated.",,"BÄ›tka",2,,,,,,Tatsukochi,hejtmy,1,,,,,,,,,,,,,,,,,,,,,,,,,,,,,,,,,,,,,,,,,,,,,,,,,,,,,
13961738,39463,"Cosmic Encounter",,2015-02-13,,"DobrÃ¡ Trafika",90,,,"Echy zrÃ¡dce! V poslednÃ­m kole sliboval vyjednÃ¡vat a neudÄ›lal to! BÄ›tka chtÄ›la pomoct a nevyÅ¡lo to. Chjo.",,"BÄ›tka",2,,4,,,,,Ester,4,,3,,,,Tatsukochi,hejtmy,3,,4,,,,,Echy,1,,5,,,1,,,,,,,,,,,,,,,,,,,,,,,,,,,,,,,,
13962847,39463,"Cosmic Encounter",,2015-02-14,,"DobrÃ¡ Trafika",45,,,"NedokonÄenÃ¡ hra. Vyhodili nÃ¡s po fenomenÃ¡lnÃ­m tahu a zrovna, kdyÅ¾ se to hra zaÄala rozjÃ­Å¾dÄ›t",,"BÄ›tka",2,,,,,,,Ester,4,,,,,1,Tatsukochi,hejtmy,3,,,,,,,Echy,1,,,,,,,,,,,,,,,,,,,,,,,,,,,,,,,,,,,,,
14012420,63888,Innovation,,2015-02-18,,"PetÅ™iny",60,,,"Chaos chaos chaos.",,"BÄ›tka",2,,,1,,,Tatsukochi,hejtmy,1,,,1,,1,,,,,,,,,,,,,,,,,,,,,,,,,,,,,,,,,,,,,,,,,,,,,,,,
14031934,39463,"Cosmic Encounter",,2015-02-20,,"PetÅ™iny",60,,,"Ester v poslednÃ­m kole pÅ™izvala BÄ›tku, kterÃ¡ mÄ›la ÄtyÅ™i kolonie, k Ãºtoku. VyhrÃ¡la. Tedy, BÄ›tka vyhrÃ¡la. Ester ne.",,"BÄ›tka",2,,5,,,1,,Ester,4,,4,,,,,Echy,3,,2,,,,Tatsukochi,hejtmy,1,,4,,,,,,,,,,,,,,,,,,,,,,,,,,,,,,,,,,,
14032857,98229,Pictomania,,2015-02-21,,"PetÅ™iny",45,,,,,"BÄ›tka",2,,,1,,,,Ester,4,,,1,,,,Echy,3,,,1,,1,Tatsukochi,hejtmy,1,,,1,,,,,,,,,,,,,,,,,,,,,,,,,,,,,,,,,,
14032859,98229,Pictomania,,2015-02-21,,"PetÅ™iny",45,,,,,Ester,4,,,,,,,Echy,3,,,,,1,,"BÄ›tka",2,,,,,,Tatsukochi,hejtmy,1,,,,,,,,,,,,,,,,,,,,,,,,,,,,,,,,,,,,,
14033106,2653,"Survive: Escape from Atlantis!",,2015-02-21,,"PetÅ™iny",,,,,,"BÄ›tka",2,,17,,,,,Ester,4,,18,,,1,,Echy,3,,12,,,,Tatsukochi,hejtmy,1,,13,,,,,,,,,,,,,,,,,,,,,,,,,,,,,,,,,,,
14077664,63888,Innovation,,2015-02-23,,"PetÅ™iny",60,,,,,"BÄ›tka",2,,,,,1,Tatsukochi,hejtmy,1,,,,,,,,,,,,,,,,,,,,,,,,,,,,,,,,,,,,,,,,,,,,,,,,,,,,,
14123373,14996,"Ticket to Ride: Europe",,2015-03-01,,,80,,,,,"BÄ›tka",2,,120,,,,,Joska,4,,128,,,1,,BertÃ­k,3,,105,,,,Tatsukochi,hejtmy,1,,113,,,,,,,,,,,,,,,,,,,,,,,,,,,,,,,,,,,
14125687,58281,"Summoner Wars",,2015-03-01,,Livigno,30,,,,,"BÄ›tka",2,Elves,,,,,Tatsukochi,hejtmy,1,Orcs,,,,1,,,,,,,,,,,,,,,,,,,,,,,,,,,,,,,,,,,,,,,,,,,,,,,,
14135713,124742,"Android: Netrunner",,2015-03-02,,Livigno,60,,,,Tatsukochi,hejtmy,2,,7,,,1,,"BÄ›tka",1,,5,,,,,,,,,,,,,,,,,,,,,,,,,,,,,,,,,,,,,,,,,,,,,,,,,,,
14135714,124742,"Android: Netrunner",,2015-03-02,,Livigno,60,,,,Tatsukochi,hejtmy,2,,7,,,1,,"BÄ›tka",1,,5,,,,,,,,,,,,,,,,,,,,,,,,,,,,,,,,,,,,,,,,,,,,,,,,,,,
14136315,58281,"Summoner Wars",,2015-01-17,,"PetÅ™iny",30,,,,,"BÄ›tka",2,Elves,,1,,,Tatsukochi,hejtmy,1,Orcs,,1,,1,,,,,,,,,,,,,,,,,,,,,,,,,,,,,,,,,,,,,,,,,,,,,,,,
14136324,58281,"Summoner Wars",,2015-03-02,,,40,,,,,"BÄ›tka",2,Orcs,,,,1,Tatsukochi,hejtmy,1,Elves,,,,,,,,,,,,,,,,,,,,,,,,,,,,,,,,,,,,,,,,,,,,,,,,,,,,
14142542,14996,"Ticket to Ride: Europe",,2015-03-03,,Livigno,75,,,,,"BÄ›tka",2,,112,,,,,Terka,4,,85,1,,,,BertÃ­k,3,,105,,,,Tatsukochi,hejtmy,1,,155,,,1,,,,,,,,,,,,,,,,,,,,,,,,,,,,,,,,
14142607,14996,"Ticket to Ride: Europe",,2015-02-28,,Livigno,80,,,,,"BÄ›tka",2,,124,,,,,BertÃ­k,3,,125,,,1,Tatsukochi,hejtmy,1,,106,,,,,,,,,,,,,,,,,,,,,,,,,,,,,,,,,,,,,,,,,,,
14156644,14996,"Ticket to Ride: Europe",,2015-03-05,,Livigno,,,,,,"BÄ›tka",2,,105,,,,,BertÃ­k,3,,140,,,1,Tatsukochi,hejtmy,1,,111,,,,,,,,,,,,,,,,,,,,,,,,,,,,,,,,,,,,,,,,,,,
14157127,124742,"Android: Netrunner",,2015-03-05,,Livigno,30,,,"Big loss for the virus deck.",,"BÄ›tka",2,,7,,,1,Tatsukochi,hejtmy,1,,0,,,,,,,,,,,,,,,,,,,,,,,,,,,,,,,,,,,,,,,,,,,,,,,,,,,
14157133,124742,"Android: Netrunner",,2015-03-05,,Livigno,30,,,"PrvnÃ­ vÃ½hra na doliz. Data leak reversal v plnÃ© sÃ­le",,"BÄ›tka",2,,3,,,,Tatsukochi,hejtmy,1,,4,,,1,,,,,,,,,,,,,,,,,,,,,,,,,,,,,,,,,,,,,,,,,,,,,,,,
14157422,124742,"Android: Netrunner",,2015-03-06,,Livigno,25,,,,,"BÄ›tka",2,,4,,,,Tatsukochi,hejtmy,1,,7,,,1,,,,,,,,,,,,,,,,,,,,,,,,,,,,,,,,,,,,,,,,,,,,,,,,
14217831,124742,"Android: Netrunner",,2015-03-12,,,45,,,"Custom HB against unbeatable Noise.",,"BÄ›tka",2,,2,,,,Tatsukochi,hejtmy,1,,8,,,1,,,,,,,,,,,,,,,,,,,,,,,,,,,,,,,,,,,,,,,,,,,,,,,,
14217984,124742,"Android: Netrunner",,2015-03-12,,,30,,,"Very unfortunate accelerated beta test got me six points.",,"BÄ›tka",2,,,,,,Tatsukochi,hejtmy,1,,10,,,1,,,,,,,,,,,,,,,,,,,,,,,,,,,,,,,,,,,,,,,,,,,,,,,,
14237347,124742,"Android: Netrunner",,2015-03-14,,,100,,,"BÄ›tka poprvÃ© poÅ™Ã¡dnÄ› za runnera. Noise deck je peklo :-)",,"BÄ›tka",2,,8,,,,Tatsukochi,hejtmy,1,,6,,,,,,,,,,,,,,,,,,,,,,,,,,,,,,,,,,,,,,,,,,,,,,,,,,,
14293055,124742,"Android: Netrunner",,2015-03-21,,,80,,,"Criminal vs NBN. Awesome win for the daring runner.",,"BÄ›tka",2,,0,,,,Tatsukochi,hejtmy,1,,7,,,1,,,,,,,,,,,,,,,,,,,,,,,,,,,,,,,,,,,,,,,,,,,,,,,,
14293063,124742,"Android: Netrunner",,2015-03-21,,,90,,,"Roles reversed. NBN tried to scare the criminal. Since third turn loosing by 6,but won at the end by scoring project beale for 4 points. Amazing finnish.",,"BÄ›tka",2,,6,,,,Tatsukochi,hejtmy,1,,7,,,1,,,,,,,,,,,,,,,,,,,,,,,,,,,,,,,,,,,,,,,,,,,,,,,,
14300876,103343,"A Game of Thrones: The Board Game (Second Edition)",,2015-03-21,,"U Jakuba",240,,,,,"BÄ›tka",2,Lanister,3,,,,Tatsukochi,hejtmy,1,Greyjoy,3,,,,,Lenka,4,Stark,3,,,,,Adrian,6,Barartheon,4,,,,,Honza,5,Martell,5,,,1,,Jakub,3,Tyrell,2,,,,,,,,,,,,,,,,,,,
14301030,31481,"Galaxy Trucker",,2015-03-21,,"U Jakuba",90,,,,,"BÄ›tka",2,,-35,,,,Tatsukochi,hejtmy,1,,-22,,,,,Lenka,4,,-5,,,,,Honza,5,,10,,,1,,Jakub,3,,0,,,,,,,,,,,,,,,,,,,,,,,,,,,
14319982,124742,"Android: Netrunner",,2015-03-23,,,60,,,"NBN lost horribly to money grabing criminal",,"BÄ›tka",2,,1,,,,Tatsukochi,hejtmy,1,,7,,,1,,,,,,,,,,,,,,,,,,,,,,,,,,,,,,,,,,,,,,,,,,,,,,,,
14327691,124742,"Android: Netrunner",,2015-03-24,,,80,,,"Unbeatable criminal",,"BÄ›tka",2,,4,,,,Tatsukochi,hejtmy,1,,8,,,1,,,,,,,,,,,,,,,,,,,,,,,,,,,,,,,,,,,,,,,,,,,,,,,,
14327700,103886,"Star Wars: The Card Game",,2015-03-24,,,60,,,"First game. Sith domination",,"BÄ›tka",2,,,1,,,Tatsukochi,hejtmy,1,,,1,,,,,,,,,,,,,,,,,,,,,,,,,,,,,,,,,,,,,,,,,,,,,,,,,,
14333592,103886,"Star Wars: The Card Game",,2015-03-24,,,80,,,"Sith against rebel. Rebels lost by one card",,"BÄ›tka",2,,,,,,Tatsukochi,hejtmy,1,,,,,1,,,,,,,,,,,,,,,,,,,,,,,,,,,,,,,,,,,,,,,,,,,,,,,,
14333999,124742,"Android: Netrunner",,2015-03-25,,"PetÅ™iny",60,,,"Noooo, criminal lost",,"BÄ›tka",2,,8,,,1,Tatsukochi,hejtmy,1,,2,,,,,,,,,,,,,,,,,,,,,,,,,,,,,,,,,,,,,,,,,,,,,,,,,,,
14340022,124742,"Android: Netrunner",,2015-03-25,,"U Havrana",90,,,"Criminal for the win!",,Echy,2,,8,,,1,Tatsukochi,hejtmy,1,,2,,,,,,,,,,,,,,,,,,,,,,,,,,,,,,,,,,,,,,,,,,,,,,,,,,,
14343538,103886,"Star Wars: The Card Game",,2015-03-25,,"U Havrana",80,,,"Ester a Echy hrÃ¡li rebely, jÃ¡ Imperial navy. VyhrÃ¡no na dotikÃ¡nÃ­ hvÄ›zdy smrti.",,Echy,2,,,1,,,Tatsukochi,hejtmy,1,,,,,1,,,,,,,,,,,,,,,,,,,,,,,,,,,,,,,,,,,,,,,,,,,,,,,,
14348249,121408,Trains,,2015-03-26,,,60,,,,,Martin,2,,36,1,,,Tatsukochi,hejtmy,1,,52,,,1,,,,,,,,,,,,,,,,,,,,,,,,,,,,,,,,,,,,,,,,,,,,,,,,
14365396,103886,"Star Wars: The Card Game",,2015-03-28,,,40,,,"Very close lost for the rebels.",,"BÄ›tka",2,,,,,1,Tatsukochi,hejtmy,1,,,,,,,,,,,,,,,,,,,,,,,,,,,,,,,,,,,,,,,,,,,,,,,,,,,,,
14366343,103886,"Star Wars: The Card Game",,2015-03-29,,,60,,,"First time win for the light side",,"BÄ›tka",2,,,,,,Tatsukochi,hejtmy,1,,,,,1,,,,,,,,,,,,,,,,,,,,,,,,,,,,,,,,,,,,,,,,,,,,,,,,
14403500,124742,"Android: Netrunner",,2015-04-01,,"PetÅ™iny",,,,"Jinteki first try. Jinteki lost in the last turn. Runner was about to receive one damage and flatline , but stole agenda first and immediately won.",,"BÄ›tka",2,,7,,,1,Tatsukochi,hejtmy,1,,3,,,,,,,,,,,,,,,,,,,,,,,,,,,,,,,,,,,,,,,,,,,,,,,,,,,
14403502,124742,"Android: Netrunner",,2015-04-01,,"PetÅ™iny",25,,,"Flatlined runner with 6 brain damage. Jinteki is fun.",,"BÄ›tka",2,,4,,,,Tatsukochi,hejtmy,1,,0,,,1,,,,,,,,,,,,,,,,,,,,,,,,,,,,,,,,,,,,,,,,,,,,,,,,
14404322,103886,"Star Wars: The Card Game",,2015-04-02,,"PetÅ™iny",60,,,,,"BÄ›tka",2,,,,,,Tatsukochi,hejtmy,1,,,,,1,,,,,,,,,,,,,,,,,,,,,,,,,,,,,,,,,,,,,,,,,,,,,,,,
14413460,124742,"Android: Netrunner",,2015-04-03,,"PetÅ™iny",60,,,"Second game for Jinteki. Runner flatlined.",,Echy,2,,0,,,1,,"BÄ›tka",1,,4,,,,,,,,,,,,,,,,,,,,,,,,,,,,,,,,,,,,,,,,,,,,,,,,,,,
14413470,124742,"Android: Netrunner",,2015-04-03,,"PetÅ™iny",60,,,,Tatsukochi,hejtmy,2,,8,,,1,,"BÄ›tka",1,,6,,,,,,,,,,,,,,,,,,,,,,,,,,,,,,,,,,,,,,,,,,,,,,,,,,,
14414139,103886,"Star Wars: The Card Game",,2015-04-03,,"PetÅ™iny",40,,,,Tatsukochi,hejtmy,2,,,,,1,,"BÄ›tka",1,,,,,,,,,,,,,,,,,,,,,,,,,,,,,,,,,,,,,,,,,,,,,,,,,,,,,
14414141,103886,"Star Wars: The Card Game",,2015-04-03,,"PetÅ™iny",70,,,,Tatsukochi,hejtmy,2,,,,,1,,"BÄ›tka",1,,,,,,,,,,,,,,,,,,,,,,,,,,,,,,,,,,,,,,,,,,,,,,,,,,,,,
14423254,124742,"Android: Netrunner",,2015-04-03,,"PetÅ™iny",90,,,"Long game. Gabriel vs. Weyland. Tried to flatline him, but couldn't.",,"BÄ›tka",2,,9,,,1,Tatsukochi,hejtmy,1,,1,,,,,,,,,,,,,,,,,,,,,,,,,,,,,,,,,,,,,,,,,,,,,,,,,,,
14435079,103886,"Star Wars: The Card Game",,2015-04-05,,NiÅ¾bor,120,,,"Scum vs. Rebels. Bubba and Busk thrown into edge vs. Leia and Ackbar. Scum won after two hours with slave I five blast damages.",,,,,,,,,,,,,,,,,,,,,,,,,,,,,,,,,,,,,,,,,,,,,,,,,,,,,,,,,,,,,,,,
14447195,148228,Splendor,,2015-04-05,,NiÅ¾bor,30,,,,,"BÄ›tka",2,,13,,,,Tatsukochi,hejtmy,1,,15,,,1,,Martin,3,,13,,,,,,,,,,,,,,,,,,,,,,,,,,,,,,,,,,,,,,,,,,,
14447669,148228,Splendor,,2015-04-06,,NiÅ¾bor,40,,,,,"BÄ›tka",2,,6,,,,Tatsukochi,hejtmy,1,,11,,,,,Martin,3,,18,,,1,,,,,,,,,,,,,,,,,,,,,,,,,,,,,,,,,,,,,,,,
14448874,124742,"Android: Netrunner",,2015-04-06,,NiÅ¾bor,30,,,"Criminal mastermind",,"BÄ›tka",2,,2,,,,Tatsukochi,hejtmy,1,,8,,,,,,,,,,,,,,,,,,,,,,,,,,,,,,,,,,,,,,,,,,,,,,,,,,,
14448892,124742,"Android: Netrunner",,2015-04-06,,NiÅ¾bor,60,,,"Flatlined after stimhack. Ran into curtain wall and hadrian. Short of two credits.",,"BÄ›tka",2,,4,,,1,Tatsukochi,hejtmy,1,,5,,,,,,,,,,,,,,,,,,,,,,,,,,,,,,,,,,,,,,,,,,,,,,,,,,,
14535316,122522,"Smash Up",,2015-04-12,,"PetÅ™iny",40,,,,Tatsukochi,hejtmy,2,,6,,,,,"BÄ›tka",1,,15,,,1,,,,,,,,,,,,,,,,,,,,,,,,,,,,,,,,,,,,,,,,,,,,,,,,
14535323,122522,"Smash Up",,2015-04-12,,"PetÅ™iny",30,,,,,"BÄ›tka",2,,,,,,Tatsukochi,hejtmy,1,,,,,1,,,,,,,,,,,,,,,,,,,,,,,,,,,,,,,,,,,,,,,,,,,,,,,,
14573323,122522,"Smash Up",,2015-04-18,,NiÅ¾bor,60,,,,,"BÄ›tka",2,,15,,,1,,Martin,3,,9,1,,,Tatsukochi,hejtmy,1,,8,,,,,,,,,,,,,,,,,,,,,,,,,,,,,,,,,,,,,,,,,,,
14574170,73761,K2,,2015-04-19,,NiÅ¾bor,60,,,,,"BÄ›tka",2,,14,,,1,Tatsukochi,hejtmy,3,,14,,,1,,Martin,1,,11,,,,,,,,,,,,,,,,,,,,,,,,,,,,,,,,,,,,,,,,,,,
14575035,103886,"Star Wars: The Card Game",,2015-04-19,,NiÅ¾bor,45,,,,Tatsukochi,hejtmy,2,,,,,,,"BÄ›tka",1,,,1,,,,,,,,,,,,,,,,,,,,,,,,,,,,,,,,,,,,,,,,,,,,,,,,,,
14575038,103886,"Star Wars: The Card Game",,2015-04-19,,NiÅ¾bor,15,,,,Tatsukochi,hejtmy,2,,,,,1,,"BÄ›tka",1,,,,,,,,,,,,,,,,,,,,,,,,,,,,,,,,,,,,,,,,,,,,,,,,,,,,,
14728153,166384,Spyfall,,2015-05-02,,BudapeÅ¡Å¥,60,,,"Home made version is as fun as the  real one.",,"BÄ›tka",2,,,,,,Tatsukochi,hejtmy,1,,,1,,,,Ester,4,,,,,,,Echy,3,,,,,,,,,,,,,,,,,,,,,,,,,,,,,,,,,,,,,
14755358,70323,"King of Tokyo",,2015-05-09,,"PetÅ™iny",40,,,,,Sam,5,,,,,,,Ester,4,,,,,,,Echy,3,,,,,,,"BÄ›tka",2,,,,,1,Tatsukochi,hejtmy,1,,,,,,,,,,,,,,,,,,,,,,,,,,,,,
14755360,39463,"Cosmic Encounter",,2015-05-09,,"PetÅ™iny",150,,,,,Sam,5,,,,,1,,Ester,4,,,,,,,Echy,3,,,,,,,"BÄ›tka",2,,,,,,Tatsukochi,hejtmy,1,,,,,,,,,,,,,,,,,,,,,,,,,,,,,
14755368,166384,Spyfall,,2015-05-09,,"PetÅ™iny",180,,,"TÅ™i hodiny dlouhÃ½ spyfall s Å¾elÃ© alkoholem",,Sam,5,,,,,,,Ester,4,,,,,,,Echy,3,,,,,,,"BÄ›tka",2,,,,,,Tatsukochi,hejtmy,1,,,,,,,,,,,,,,,,,,,,,,,,,,,,,
14764677,146652,"Legendary Encounters: An Alien Deck Building Game",,2015-05-10,,"PetÅ™iny",20,,,"Lost before found the second sos signal. First game. Though.",,"BÄ›tka",2,,,,,,Tatsukochi,hejtmy,1,,,,,,,,,,,,,,,,,,,,,,,,,,,,,,,,,,,,,,,,,,,,,,,,,,,,,
14764693,146652,"Legendary Encounters: An Alien Deck Building Game",,2015-05-10,,"PetÅ™iny",90,,,"Won the second way around. After the second objective, it was easy peasy.",,"BÄ›tka",2,,,,,1,Tatsukochi,hejtmy,1,,,,,1,,,,,,,,,,,,,,,,,,,,,,,,,,,,,,,,,,,,,,,,,,,,,,,,
14765534,133038,"Pathfinder Adventure Card Game: Rise of the Runelords â€“ Base Set",,2015-05-10,,"PetÅ™iny",80,,,"Second scenario of the first adventure pack. We could not get those allies to ally with us! Drove them all away.",,"BÄ›tka",2,,,,,,Tatsukochi,hejtmy,1,,,,,,,,,,,,,,,,,,,,,,,,,,,,,,,,,,,,,,,,,,,,,,,,,,,,,
14784969,146652,"Legendary Encounters: An Alien Deck Building Game",,2015-05-11,,"PetÅ™iny",20,,,"Pokus o druhÃ½ film. ZemÅ™el jsem tÃ©mÄ›Å™ hned na zaÄÃ¡tku (face hugger). BÄ›tka nÃ¡sledovala v druhÃ©m kole.",,"BÄ›tka",2,,,,,,Tatsukochi,hejtmy,1,,,,,,,,,,,,,,,,,,,,,,,,,,,,,,,,,,,,,,,,,,,,,,,,,,,,,
14784972,146652,"Legendary Encounters: An Alien Deck Building Game",,2015-05-12,,"PetÅ™iny",75,,,"TÅ™etÃ­ film. ZaÄÃ¡tek hodnÄ› kruÅ¡nÃ½, po zdolÃ¡nÃ­ druhÃ©ho dÃ­lÄÃ­ho cÃ­le uÅ¾ pomÄ›rnÄ› pod kontrolou. The Beast pÅ™iÅ¡el docela brzy, takÅ¾e klÃ­dek.",,"BÄ›tka",2,,,,,,Tatsukochi,hejtmy,1,,,,,,,,,,,,,,,,,,,,,,,,,,,,,,,,,,,,,,,,,,,,,,,,,,,,,
14837846,146652,"Legendary Encounters: An Alien Deck Building Game",,2015-05-17,,"PetÅ™iny",80,,,"Fourth movie and fourth scenario. Kicked its butt. But events blocked all HQ spaces and we killed more characters than was in the play. Still managed to do 13 damage to the newborn. Amazing finnish.",,"BÄ›tka",2,,,,,1,Tatsukochi,hejtmy,1,,,,,1,,,,,,,,,,,,,,,,,,,,,,,,,,,,,,,,,,,,,,,,,,,,,,,,
14871714,143884,"Machi Koro",,2015-05-13,,KavÃ¡rna,40,,,,,VaÅ¡ek,2,,,1,,1,Tatsukochi,hejtmy,1,,,1,,,,,,,,,,,,,,,,,,,,,,,,,,,,,,,,,,,,,,,,,,,,,,,,,,
14873395,158899,"Colt Express",,2015-05-22,,"PetÅ™iny",90,,,,,"BÄ›tka",2,,1250,1,,,Tatsukochi,hejtmy,1,,450,1,,,,Ester,4,,1100,1,,,,Jana,5,,1750,1,,,,Echy,3,,2550,1,,1,,,,,,,,,,,,,,,,,,,,,,,,
14882348,147151,Concept,,2015-05-22,,"PetÅ™iny",40,,,,,"BÄ›tka",2,,,,,,Tatsukochi,hejtmy,1,,,,,,,Jana,4,,,,,,,Ester,5,,,,,,,Echy,3,,,,,,,,,,,,,,,,,,,,,,,,,,,,,
14885476,120677,"Terra Mystica",,2015-05-24,,"PetÅ™iny",120,,,,,"BÄ›tka",2,"ÄŒarodÄ›jnice",113,1,,,Tatsukochi,hejtmy,1,NomÃ¡di,115,1,,1,,,,,,,,,,,,,,,,,,,,,,,,,,,,,,,,,,,,,,,,,,,,,,,,
14885487,154203,"Imperial Settlers",,2015-05-24,,"PetÅ™iny",,,,,,"BÄ›tka",2,Japanese,68,,,1,Tatsukochi,hejtmy,1,Egyptians,52,,,,,,,,,,,,,,,,,,,,,,,,,,,,,,,,,,,,,,,,,,,,,,,,,,,
14896686,120677,"Terra Mystica",,2015-05-24,,"PetÅ™iny",120,,,,,"BÄ›tka",2,"FakÃ­Å™i",87,,,,Tatsukochi,hejtmy,1,TrpaslÃ­ci,101,,,1,,,,,,,,,,,,,,,,,,,,,,,,,,,,,,,,,,,,,,,,,,,,,,,,
14949023,154203,"Imperial Settlers",,2015-05-29,,"PetÅ™iny",80,,1,,,"BÄ›tka",2,Egyptians,60,,,1,Tatsukochi,hejtmy,1,Romans,48,,,,,,,,,,,,,,,,,,,,,,,,,,,,,,,,,,,,,,,,,,,,,,,,,,,
15012404,120677,"Terra Mystica",,2015-06-06,,"PetÅ™iny",70,,,,,"BÄ›tka",2,RybÃ¡ci,99,,,,Tatsukochi,hejtmy,1,"ObÅ™i",116,,,1,,,,,,,,,,,,,,,,,,,,,,,,,,,,,,,,,,,,,,,,,,,,,,,,
15015497,146652,"Legendary Encounters: An Alien Deck Building Game",,2015-06-07,,"PetÅ™iny",30,,,"Lost again. Hate second scenario! Overwhelmed by aliens. Dead in ten turns.",,"BÄ›tka",2,,,,,,Tatsukochi,hejtmy,1,,,,,,,,,,,,,,,,,,,,,,,,,,,,,,,,,,,,,,,,,,,,,,,,,,,,,
15015528,146652,"Legendary Encounters: An Alien Deck Building Game",,2015-06-07,,"PetÅ™iny",60,,,"Finally won the second scenario. I died five in the end but BÄ›tka won! Killed the Queen.",,"BÄ›tka",2,,,,,,Tatsukochi,hejtmy,1,,,,,,,,,,,,,,,,,,,,,,,,,,,,,,,,,,,,,,,,,,,,,,,,,,,,,
15015555,122522,"Smash Up",,2015-06-07,,"PetÅ™iny",40,,,,,"BÄ›tka",2,,15,,,1,Tatsukochi,hejtmy,1,,6,,,,,,,,,,,,,,,,,,,,,,,,,,,,,,,,,,,,,,,,,,,,,,,,,,,
15015896,122522,"Smash Up",,2015-06-07,,"PetÅ™iny",30,,,,,"BÄ›tka",2,,14,,,,Tatsukochi,hejtmy,1,,16,,,1,,,,,,,,,,,,,,,,,,,,,,,,,,,,,,,,,,,,,,,,,,,,,,,,
15028531,124742,"Android: Netrunner",,2015-06-08,,"PetÅ™iny",60,,,"Very long game. Very close in the end as well.",,"BÄ›tka",2,,6,,,,Tatsukochi,hejtmy,1,,8,,,1,,,,,,,,,,,,,,,,,,,,,,,,,,,,,,,,,,,,,,,,,,,,,,,,
15037715,124742,"Android: Netrunner",,2015-06-08,,"PetÅ™iny",30,,,"Flatlined in the mid game. Stupid mistake",,"BÄ›tka",2,,1,,,1,Tatsukochi,hejtmy,1,,3,,,,,,,,,,,,,,,,,,,,,,,,,,,,,,,,,,,,,,,,,,,,,,,,,,,
15038126,124742,"Android: Netrunner",,2015-06-09,,"PetÅ™iny",45,,,"Noise again sucked the Corp dry of cards. Probably business cards.",,"BÄ›tka",2,,4,,,,Tatsukochi,hejtmy,1,,6,,,1,,,,,,,,,,,,,,,,,,,,,,,,,,,,,,,,,,,,,,,,,,,,,,,,
15103669,154203,"Imperial Settlers",,2015-06-16,,,,,,,,"Ondra Novák",2,Barbarians,57,1,,,Tatsukochi,hejtmy,1,Egyptians,87,,,1,,,,,,,,,,,,,,,,,,,,,,,,,,,,,,,,,,,,,,,,,,,,,,,,
15105911,146652,"Legendary Encounters: An Alien Deck Building Game",,2015-06-17,,"PetÅ™iny",90,,,"Won the first scenario.",,Echy,2,,,,,,Tatsukochi,hejtmy,1,,,,,,,"Ondra NovÃ¡k",3,,,,,,,,,,,,,,,,,,,,,,,,,,,,,,,,,,,,,,,,,,,,,
15105918,113294,"Escape: The Curse of the Temple",,2015-06-17,,"PetÅ™iny",10,,,"Won easily",,Echy,2,,,,,,Tatsukochi,hejtmy,1,,,,,,,"Ondra NovÃ¡k",3,,,,,,,,,,,,,,,,,,,,,,,,,,,,,,,,,,,,,,,,,,,,,
15105921,113294,"Escape: The Curse of the Temple",,2015-06-17,,"PetÅ™iny",10,,,"Won with small difficulties",,Echy,2,,,,,,Tatsukochi,hejtmy,1,,,,,,,"Ondra NovÃ¡k",3,,,,,,,,,,,,,,,,,,,,,,,,,,,,,,,,,,,,,,,,,,,,,
15105929,10630,"Memoir '44",,2015-06-17,,"PetÅ™iny",30,,,"Axis won! One mistake is deadly in memoir.",,Echy,2,,2,,,,Tatsukochi,hejtmy,1,,4,1,,1,,,,,,,,,,,,,,,,,,,,,,,,,,,,,,,,,,,,,,,,,,,,,,,,
15109114,91312,"Discworld: Ankh-Morpork",,2015-06-16,,,45,,,,,"Ondra Novák",2,,,,,1,Tatsukochi,hejtmy,1,,,1,,,,,,,,,,,,,,,,,,,,,,,,,,,,,,,,,,,,,,,,,,,,,,,,,,
15112058,10630,"Memoir '44",,2015-06-17,,"PetÅ™iny",30,,,,,BertÃ­k,2,,,,,,Tatsukochi,hejtmy,1,,,,,1,,,,,,,,,,,,,,,,,,,,,,,,,,,,,,,,,,,,,,,,,,,,,,,,
15112063,10630,"Memoir '44",,2015-06-17,,"PetÅ™iny",60,,,"Allies bombardment won me know he game. You can't let the Allies bombard!",,BertÃ­k,2,,2,,,,Tatsukochi,hejtmy,1,,4,,,1,,,,,,,,,,,,,,,,,,,,,,,,,,,,,,,,,,,,,,,,,,,,,,,,
15186171,164153,"Star Wars: Imperial Assault",,2015-06-26,,"PetÅ™iny",80,,,,,"BÄ›tka",2,,,,,,Tatsukochi,hejtmy,1,,,,,,,BertÃ­k,3,,,,,,,,,,,,,,,,,,,,,,,,,,,,,,,,,,,,,,,,,,,,,
15186174,113294,"Escape: The Curse of the Temple",,2015-06-26,,"PetÅ™iny",10,,,,,"BÄ›tka",2,,,,,,Tatsukochi,hejtmy,1,,,,,,,BertÃ­k,3,,,,,,,,,,,,,,,,,,,,,,,,,,,,,,,,,,,,,,,,,,,,,
15186175,113294,"Escape: The Curse of the Temple",,2015-06-26,,"PetÅ™iny",10,,,,,"BÄ›tka",2,,,,,,Tatsukochi,hejtmy,1,,,,,,,BertÃ­k,3,,,,,,,,,,,,,,,,,,,,,,,,,,,,,,,,,,,,,,,,,,,,,
15198489,175155,"Forbidden Stars",,2015-06-28,,"PetÅ™iny",360,,,,,"BÄ›tka",2,"Space marines",,1,,,Tatsukochi,hejtmy,1,"Chaos marines",,1,,1,,,,,,,,,,,,,,,,,,,,,,,,,,,,,,,,,,,,,,,,,,,,,,,,
15222494,30549,Pandemic,,2015-06-29,,,120,,,,Tatsukochi,hejtmy,,,,,,1,,"Ondra NovÃ¡k",,,,1,,1,,"Filip DÄ›chtÄ›renko",,,,1,,1,,Monika,,,,1,,1,,,,,,,,,,,,,,,,,,,,,,,,,,,,,,,,
15222549,113294,"Escape: The Curse of the Temple",,2015-06-30,,,10,,,,,"Ondra NovÃ¡k",2,,,,,,,Monika,4,,,,,,Tatsukochi,hejtmy,1,,,,,,,"Filip DÄ›chtÄ›renko",3,,,1,,,,,,,,,,,,,,,,,,,,,,,,,,,,,,,,,,
15222561,120677,"Terra Mystica",,2015-06-30,,"PetÅ™iny",180,,,,,"Ondra NovÃ¡k",2,,98,1,,,Tatsukochi,hejtmy,1,,113,,,1,,Monika,3,,90,1,,,,,,,,,,,,,,,,,,,,,,,,,,,,,,,,,,,,,,,,,,
15250833,30549,Pandemic,,2015-07-03,,"PetÅ™iny",60,,,"Lost after Teheran and Taipei brought six outbreaks in one turn",Tatsukochi,hejtmy,,,,,,,,"BÄ›tka",,,,,,,,,,,,,,,,,,,,,,,,,,,,,,,,,,,,,,,,,,,,,,,,,,,,,,
15374466,30549,Pandemic,,2015-07-17,,"PetÅ™iny",45,,,"Medic and scientist for the win!",Tatsukochi,hejtmy,,,,,,1,,"BÄ›tka",,,,,,1,,,,,,,,,,,,,,,,,,,,,,,,,,,,,,,,,,,,,,,,,,,,,,,,
15374481,30549,Pandemic,,2015-07-17,,"PetÅ™iny",45,,,"Researcher and scientist effectively discovered two cures when the world outbreaked to the hell.",,"BÄ›tka",2,,,,,,Tatsukochi,hejtmy,1,,,,,,,,,,,,,,,,,,,,,,,,,,,,,,,,,,,,,,,,,,,,,,,,,,,,,
15382281,30549,Pandemic,,2015-07-18,,"PetÅ™iny",90,,,"Epic win in the last round!",,Echy,,,,,,1,Tatsukochi,hejtmy,,,,,,1,,"BÄ›tka",,,,,,1,,Ester,,,,,,1,,,,,,,,,,,,,,,,,,,,,,,,,,,,,,,,
15382842,68448,"7 Wonders",,2015-07-18,,"PetÅ™iny",30,,,,,"BÄ›tka",2,,53,,,,Tatsukochi,hejtmy,1,,57,,,,,Ester,4,,52,1,,,,Echy,3,,51,,,,,,,,,,,,,,,,,,,,,,,,,,,,,,,,,,,
15382849,68448,"7 Wonders",,2015-07-18,,"PetÅ™iny",30,,,,,"BÄ›tka",2,,37,,,,,Ester,4,,59,,,,Tatsukochi,hejtmy,1,,54,,,,,Echy,3,,47,,,,,,,,,,,,,,,,,,,,,,,,,,,,,,,,,,,
15382853,113294,"Escape: The Curse of the Temple",,2015-07-18,,"PetÅ™iny",10,,,,,"BÄ›tka",2,,,,,,,Ester,4,,,,,,Tatsukochi,hejtmy,1,,,,,,,Echy,3,,,,,,,,,,,,,,,,,,,,,,,,,,,,,,,,,,,,,
15382856,113294,"Escape: The Curse of the Temple",,2015-07-18,,"PetÅ™iny",10,,,,,"BÄ›tka",2,,,,,,,Ester,4,,,,,,Tatsukochi,hejtmy,1,,,,,,,Echy,3,,,,,,,,,,,,,,,,,,,,,,,,,,,,,,,,,,,,,
15392588,73761,K2,,2015-07-19,,NiÅ¾bor,40,,,,,Martin,2,,15,,,1,Tatsukochi,hejtmy,1,,14,,,,,,,,,,,,,,,,,,,,,,,,,,,,,,,,,,,,,,,,,,,,,,,,,,,
15393585,70919,Takenoko,,2015-07-19,,NiÅ¾bor,20,,,,,Martin,2,,34,,,,Tatsukochi,hejtmy,1,,44,,,,,,,,,,,,,,,,,,,,,,,,,,,,,,,,,,,,,,,,,,,,,,,,,,,
15393794,70919,Takenoko,,2015-07-19,,NiÅ¾bor,40,,,,,Martin,2,,42,,,,Tatsukochi,hejtmy,1,,31,,,,,,,,,,,,,,,,,,,,,,,,,,,,,,,,,,,,,,,,,,,,,,,,,,,
15405468,73761,K2,,2015-07-19,,NiÅ¾bor,90,,,"I died!",,Martin,2,,13,,,,Tatsukochi,hejtmy,1,,10,,,,,TÃ¡ta,4,,16,1,,1,,MÃ¡ma,3,,14,,,,,,,,,,,,,,,,,,,,,,,,,,,,,,,,,,,
15432694,37111,"Battlestar Galactica",,2015-07-23,,"PetÅ™iny",300,,,,,"BÄ›tka",2,Human,,1,,,Tatsukochi,hejtmy,1,Human,,1,,,,"Ondra NovÃ¡k",4,Cylon,,1,,1,,"Å eby",6,Human,,1,,,,"Filip DÄ›chtÄ›renko",5,,,1,,1,,Monika,3,Cylon,,1,,1,,,,,,,,,,,,,,,,
15432697,113294,"Escape: The Curse of the Temple",,2015-07-23,,"PetÅ™iny",10,,,,,"BÄ›tka",2,,,,,,,"Å eby",4,,,,,,Tatsukochi,hejtmy,1,,,,,,,"Filip DÄ›chtÄ›renko",3,,,,,,,,,,,,,,,,,,,,,,,,,,,,,,,,,,,,,
15455549,120677,"Terra Mystica",,2015-07-25,,"PetÅ™iny",120,,,,,"BÄ›tka",2,,135,,,,,Salar,4,,134,,,,Tatsukochi,hejtmy,1,,78,,,,,Yena,3,,73,1,,,,,,,,,,,,,,,,,,,,,,,,,,,,,,,,,,
15524302,143884,"Machi Koro",,2015-08-01,,"PetÅ™iny",15,,,,,"BÄ›tka",2,,,,,,Tatsukochi,hejtmy,1,,,,,1,,,,,,,,,,,,,,,,,,,,,,,,,,,,,,,,,,,,,,,,,,,,,,,,
15524305,143884,"Machi Koro",,2015-08-01,,"PetÅ™iny",,,,,,"BÄ›tka",2,,,,,1,Tatsukochi,hejtmy,1,,,,,,,,,,,,,,,,,,,,,,,,,,,,,,,,,,,,,,,,,,,,,,,,,,,,,
15524786,63888,Innovation,,2015-08-01,,"PetÅ™iny",45,,,,,"BÄ›tka",2,,4,,,,Tatsukochi,hejtmy,1,,6,,,1,,,,,,,,,,,,,,,,,,,,,,,,,,,,,,,,,,,,,,,,,,,,,,,,
15525232,28143,"Race for the Galaxy",,2015-08-02,,"PetÅ™iny",30,,,,,"BÄ›tka",2,,16,,,,Tatsukochi,hejtmy,1,,34,,,,,,,,,,,,,,,,,,,,,,,,,,,,,,,,,,,,,,,,,,,,,,,,,,,
15526275,84876,"The Castles of Burgundy",,2015-08-02,,"PetÅ™iny",45,,,,,"BÄ›tka",2,,145,,,,Tatsukochi,hejtmy,1,,184,,,,,,,,,,,,,,,,,,,,,,,,,,,,,,,,,,,,,,,,,,,,,,,,,,,
15527288,146652,"Legendary Encounters: An Alien Deck Building Game",,2015-08-02,,"PetÅ™iny",10,,,"Lost the game after six turns.",,"BÄ›tka",2,,,,,,Tatsukochi,hejtmy,1,,,,,,,,,,,,,,,,,,,,,,,,,,,,,,,,,,,,,,,,,,,,,,,,,,,,,
15527296,146652,"Legendary Encounters: An Alien Deck Building Game",,2015-08-02,,"PetÅ™iny",60,,,"Won the second time though! Killed everyone. Death! Aliens! Burning flesh",,"BÄ›tka",2,,,,,,Tatsukochi,hejtmy,1,,,,,,,,,,,,,,,,,,,,,,,,,,,,,,,,,,,,,,,,,,,,,,,,,,,,,
15533068,123540,Tokaido,,2015-08-02,,"PetÅ™iny",30,,,,,"BÄ›tka",2,,64,,,,Tatsukochi,hejtmy,1,,77,,,,,Jana,3,,69,,,,,,,,,,,,,,,,,,,,,,,,,,,,,,,,,,,,,,,,,,,
15538372,84876,"The Castles of Burgundy",,2015-08-02,,"PetÅ™iny",60,,,"Got two rules wrong again. The ship and changing the of the first player and the number of silverings received after selling goods.",,"BÄ›tka",2,,178,,,,Tatsukochi,hejtmy,1,,222,,,,,,,,,,,,,,,,,,,,,,,,,,,,,,,,,,,,,,,,,,,,,,,,,,,
15540231,146652,"Legendary Encounters: An Alien Deck Building Game",,2015-08-03,,"PetÅ™iny",45,,,"Lost to the third objective. Striked to death.",,"BÄ›tka",2,,,,,,Tatsukochi,hejtmy,1,,,,,,,,,,,,,,,,,,,,,,,,,,,,,,,,,,,,,,,,,,,,,,,,,,,,,
15560192,124742,"Android: Netrunner",,2015-08-05,,NiÅ¾bor,60,,,"NBN for the win!",,"BÄ›tka",2,,3,,,,Tatsukochi,hejtmy,1,,7,,,1,,,,,,,,,,,,,,,,,,,,,,,,,,,,,,,,,,,,,,,,,,,,,,,,
15573608,2511,"Sherlock Holmes Consulting Detective",,2015-08-06,,"Å umava",210,,,"Epic solving case number five. Dammed coded message. Solved it hundered percent and scored 40 points. Visited almost everybody in town though. Thirteen more locations than Holmes .",,Jana,2,,,,,,Tatsukochi,hejtmy,1,,,,,,,"BÄ›tka",3,,,,,,,,,,,,,,,,,,,,,,,,,,,,,,,,,,,,,,,,,,,,,
15576206,150376,"Dead of Winter: A Crossroads Game",,2015-08-06,,"Å umava",140,,,"S JaninÃ½mi pÅ™Ã­buznÃ½mi. Å lo to i s lÃ¡manou angliÄtinou. Do hry vstupovalo grilovÃ¡nÃ­ skvÄ›lÃ©ho domÃ¡cÃ­ho masa. Po obÄ›tovÃ¡nÃ­ nÄ›kolika hrÃ¡ÄÅ¯ se zadaÅ™ilo hru dohrÃ¡t, vyhrÃ¡t!",,Jana,2,,,,,,Tatsukochi,hejtmy,1,,,,,,,,4,,,,,,,,5,,,,,,,"BÄ›tka",3,,,,,,,,,,,,,,,,,,,,,,,,,,,,,
15576213,84876,"The Castles of Burgundy",,2015-08-01,,"PetÅ™iny",60,,,,,"BÄ›tka",2,,163,,,,Tatsukochi,hejtmy,1,,184,,,,,,,,,,,,,,,,,,,,,,,,,,,,,,,,,,,,,,,,,,,,,,,,,,,
15580072,2511,"Sherlock Holmes Consulting Detective",,2014-12-30,,NiÅ¾bor,210,,,"Horrifying case number three. I thought I solved it in the first half an hour but we continued to search for clues. Turned out I was right, but nevertheless we didn't get half the questions right.",,Echy,2,,,,,,Tatsukochi,hejtmy,1,,,,,,,Jana,3,,,,,,,,,,,,,,,,,,,,,,,,,,,,,,,,,,,,,,,,,,,,,
15584764,30549,Pandemic,,2015-08-08,,"Å umava",45,,,"Won with 7 outbreaks. Close one",Tatsukochi,hejtmy,,,,,,,,"BÄ›tka",,,,,,,,Jana,,,,,,,,,,,,,,,,,,,,,,,,,,,,,,,,,,,,,,,,,,,,,,
15588960,2511,"Sherlock Holmes Consulting Detective",,2015-08-08,,"Å umava",180,,,"Solved the lion stuff. Got almost everything right, but the final conclusions were a bit jumpy. Got totally distracted by s different case and visited half the London. Scored. Meager 15 points in the end.",Tatsukochi,hejtmy,2,,,,,,,"BÄ›tka",1,,,,,,,Jana,3,,,,,,,,,,,,,,,,,,,,,,,,,,,,,,,,,,,,,,,,,,,,,
15595191,70919,Takenoko,,2015-08-08,,NiÅ¾bor,40,,,,,Echy,,,,,,,Tatsukochi,hejtmy,,,,,,1,,"BÄ›tka",,,,,,,,Ester,,,,1,,,,,,,,,,,,,,,,,,,,,,,,,,,,,,,,,,
15595972,30549,Pandemic,,2015-08-09,,NiÅ¾bor,60,,,"Clean win. Everything went smoothly. Only two outbreaks, five cards left in the deck.",,"BÄ›tka",2,,,,,,,Ester,4,,,,,,Tatsukochi,hejtmy,1,,,,,,,Echy,3,,,,,,,,,,,,,,,,,,,,,,,,,,,,,,,,,,,,,
15597625,84876,"The Castles of Burgundy",,2015-08-09,,NiÅ¾bor,90,,,,,"BÄ›tka",2,,169,,,,Tatsukochi,hejtmy,1,,212,,,1,,Ester,4,,192,1,,,,Echy,3,,209,1,,,,,,,,,,,,,,,,,,,,,,,,,,,,,,,,,,
15603637,84876,"The Castles of Burgundy",,2015-08-09,,NiÅ¾bor,90,,,,,"BÄ›tka",2,,201,,,,,Ester,4,,180,,,,Tatsukochi,hejtmy,1,,227,,,,,Echy,3,,172,,,,,,,,,,,,,,,,,,,,,,,,,,,,,,,,,,,
15657240,124742,"Android: Netrunner",,2015-08-15,,NiÅ¾bor,80,,,,,Sam,2,,6,1,,,Tatsukochi,hejtmy,1,,7,,,,,,,,,,,,,,,,,,,,,,,,,,,,,,,,,,,,,,,,,,,,,,,,,,,
15657247,124742,"Android: Netrunner",,2015-08-15,,NiÅ¾bor,90,,,,,"MatÄ›j",2,,,1,,,Tatsukochi,hejtmy,1,,,,,1,,,,,,,,,,,,,,,,,,,,,,,,,,,,,,,,,,,,,,,,,,,,,,,,
15658168,146652,"Legendary Encounters: An Alien Deck Building Game",,2015-08-15,,NiÅ¾bor,45,,,"Five player Aliens scenario felt just like the movie. We were all killed before even reaching the hive.",,"MatÄ›j",2,,,,,,Tatsukochi,hejtmy,1,,,,,,,Echy,4,,,,,,,Ester,5,,,,,,,"BÄ›tka",3,,,,,,,,,,,,,,,,,,,,,,,,,,,,,
15658449,146652,"Legendary Encounters: An Alien Deck Building Game",,2015-08-15,,NiÅ¾bor,120,,,"Played the first scenario this time. Won without much hardship. Finnished at half past four in the morning though.",,"MatÄ›j",2,,,,,,Tatsukochi,hejtmy,1,,,,,,,Echy,4,,,,,,,Ester,5,,,,,,,"BÄ›tka",3,,,,,,,,,,,,,,,,,,,,,,,,,,,,,
15669226,30549,Pandemic,,2015-08-16,,NiÅ¾bor,45,,,"Pandemic easy thing.",,"MatÄ›j",2,,,,,,Tatsukochi,hejtmy,1,,,,,,,,3,,,,,,,,,,,,,,,,,,,,,,,,,,,,,,,,,,,,,,,,,,,,,
15669254,30549,Pandemic,,2015-08-16,,NiÅ¾bor,60,,,"MatÄ›j se stal bioterroristou a totÃ¡lnÄ› zniÄil jiÅ¾nÃ­ a severnÃ­ Ameriku. Lost!",,"MatÄ›j",2,,,,,,,,4,,,,,,Tatsukochi,hejtmy,1,,,,,,,,3,,,,,,,,,,,,,,,,,,,,,,,,,,,,,,,,,,,,,
15669383,124742,"Android: Netrunner",,2015-08-16,,NiÅ¾bor,45,,,"Jinteki criminal.",,"MatÄ›j",2,,,,,,Tatsukochi,hejtmy,1,,,,,1,,,,,,,,,,,,,,,,,,,,,,,,,,,,,,,,,,,,,,,,,,,,,,,,
15669388,124742,"Android: Netrunner",,2015-08-16,,NiÅ¾bor,45,,,"Criminal Jinteki.",,"MatÄ›j",2,,,,,,Tatsukochi,hejtmy,1,,,,,,,,,,,,,,,,,,,,,,,,,,,,,,,,,,,,,,,,,,,,,,,,,,,,,
15669435,142079,"Space Cadets: Dice Duel",,2015-08-16,,NiÅ¾bor,,,,,,,7,,,,,,,"MatÄ›j",2,,,,,,Tatsukochi,hejtmy,1,,,,,,,Echy,4,,,,,,,Sam,6,,,,,,,Ester,5,,,,,,,"BÄ›tka",3,,,,,,,,8,,,,,
15669438,142079,"Space Cadets: Dice Duel",,2015-08-16,,NiÅ¾bor,,,,,,"MatÄ›j",2,,,,,,Tatsukochi,hejtmy,1,,,,,,,Echy,4,,,,,,,Sam,6,,,,,,,Ester,5,,,,,,,"BÄ›tka",3,,,,,,,,,,,,,,,,,,,,,
15674522,150376,"Dead of Winter: A Crossroads Game",,2015-08-16,,NiÅ¾bor,90,,,,,Echy,2,,,,,,,Sam,4,,,,,,Tatsukochi,hejtmy,1,,,,,,,"MatÄ›j",3,,,,,,,,,,,,,,,,,,,,,,,,,,,,,,,,,,,,,
15675877,124742,"Android: Netrunner",,2015-08-16,,NiÅ¾bor,60,,,"NBN lost to chaos.",,"MatÄ›j",2,,7,,,,Tatsukochi,hejtmy,1,,2,,,,,,,,,,,,,,,,,,,,,,,,,,,,,,,,,,,,,,,,,,,,,,,,,,,
15676932,84876,"The Castles of Burgundy",,2015-08-16,,NiÅ¾bor,90,,,,,"BÄ›tka",2,,,,,,,Echy,1,,,,,1,,Ester,3,,,,,,,,,,,,,,,,,,,,,,,,,,,,,,,,,,,,,,,,,,,,,
15677088,124742,"Android: Netrunner",,2015-08-16,,NiÅ¾bor,60,,,"Tight last two turns. Ran into Archer two times, got broke by tolbooth, but scored last two points in the last possible run.",,Echy,2,,5,,,,Tatsukochi,hejtmy,1,,8,,,,,,,,,,,,,,,,,,,,,,,,,,,,,,,,,,,,,,,,,,,,,,,,,,,
15679444,124742,"Android: Netrunner",,2015-08-16,,NiÅ¾bor,30,,,,,Ester,2,,3,,,,Tatsukochi,hejtmy,1,,7,,,,,,,,,,,,,,,,,,,,,,,,,,,,,,,,,,,,,,,,,,,,,,,,,,,
15679448,124742,"Android: Netrunner",,2015-08-16,,NiÅ¾bor,45,,,"Jinteki could not bring me to the end. Stole last agenda with only five cards left.",,Ester,2,,4,,,,Tatsukochi,hejtmy,1,,8,,,,,,,,,,,,,,,,,,,,,,,,,,,,,,,,,,,,,,,,,,,,,,,,,,,
15789925,124742,"Android: Netrunner",,2015-08-28,,"PetÅ™iny",60,,,"NBN sÃ­la.",,"BÄ›tka",2,,0,,,,Tatsukochi,hejtmy,1,,8,,,1,,,,,,,,,,,,,,,,,,,,,,,,,,,,,,,,,,,,,,,,,,,,,,,,
15789929,146652,"Legendary Encounters: An Alien Deck Building Game",,2015-08-28,,"PetÅ™iny",60,,,"Custom scenario win!",,"BÄ›tka",2,,,,,,Tatsukochi,hejtmy,1,,,,,,,Jana,3,,,,,,,,,,,,,,,,,,,,,,,,,,,,,,,,,,,,,,,,,,,,,
15865548,63888,Innovation,,2015-09-05,,NiÅ¾bor,60,,,,,"BÄ›tka",2,,4,,,,Tatsukochi,hejtmy,1,,6,,,,,,,,,,,,,,,,,,,,,,,,,,,,,,,,,,,,,,,,,,,,,,,,,,,
15865552,63888,Innovation,,2015-09-05,,NiÅ¾bor,60,,,,,"BÄ›tka",2,,6,,,,Tatsukochi,hejtmy,1,,5,,,,,,,,,,,,,,,,,,,,,,,,,,,,,,,,,,,,,,,,,,,,,,,,,,,
15869836,63888,Innovation,,2015-09-06,,NiÅ¾bor,60,,,,,"BÄ›tka",2,,6,,,,Tatsukochi,hejtmy,1,,4,,,,,,,,,,,,,,,,,,,,,,,,,,,,,,,,,,,,,,,,,,,,,,,,,,,
15876815,40692,"Small World",,2015-09-06,,NiÅ¾bor,80,,,,Tatsukochi,hejtmy,,,75,,,,,"BÄ›tka",,,92,,,,,,,,,,,,,,,,,,,,,,,,,,,,,,,,,,,,,,,,,,,,,,,,,,,
15876823,156714,"Doomtown: Reloaded",,2015-09-06,,NiÅ¾bor,45,,,,,"BÄ›tka",2,,,,,,Tatsukochi,hejtmy,1,,,,,1,,,,,,,,,,,,,,,,,,,,,,,,,,,,,,,,,,,,,,,,,,,,,,,,
15876830,156714,"Doomtown: Reloaded",,2015-09-06,,NiÅ¾bor,50,,,,,"BÄ›tka",2,,,,,,Tatsukochi,hejtmy,1,,,,,1,,,,,,,,,,,,,,,,,,,,,,,,,,,,,,,,,,,,,,,,,,,,,,,,
15882262,2653,"Survive: Escape from Atlantis!",,2015-09-06,,"PetÅ™iny",60,,,,,"BÄ›tka",2,,20,,,,,Ester,4,,18,,,,Tatsukochi,hejtmy,1,,17,,,,,Echy,3,,18,,,,,,,,,,,,,,,,,,,,,,,,,,,,,,,,,,,
15897377,908,"Tally Ho!",,2015-09-08,,"PetÅ™iny",25,,,,,"BÄ›tka",2,Animals,68,,,,Tatsukochi,hejtmy,1,Hunters,50,,,,,,,,,,,,,,,,,,,,,,,,,,,,,,,,,,,,,,,,,,,,,,,,,,,
15897383,908,"Tally Ho!",,2015-09-08,,,35,,,,,"BÄ›tka",2,Hunters,50,,,,Tatsukochi,hejtmy,1,Animals,70,,,,,,,,,,,,,,,,,,,,,,,,,,,,,,,,,,,,,,,,,,,,,,,,,,,
16051187,37046,"Ghost Stories",,2015-09-26,,"PetÅ™iny",80,,,"First game and first win",,"BÄ›tka",2,,30,,,,Tatsukochi,hejtmy,1,,30,,,,,,,,,,,,,,,,,,,,,,,,,,,,,,,,,,,,,,,,,,,,,,,,,,,
16074043,174570,"Legendary Encounters: A Predator Deck Building Game",,2015-09-28,,"PetÅ™iny",50,,,,,"BÄ›tka",2,,,,,,Tatsukochi,hejtmy,1,,,,,,,BertÃ­k,3,,,,,,,,,,,,,,,,,,,,,,,,,,,,,,,,,,,,,,,,,,,,,
16133132,161970,Alchemists,,2015-10-04,,"PetÅ™iny",120,,,,,"BÄ›tka",2,,38,,,,Tatsukochi,hejtmy,1,,56,,,,,,,,,,,,,,,,,,,,,,,,,,,,,,,,,,,,,,,,,,,,,,,,,,,
16134325,37046,"Ghost Stories",,2015-10-05,,"PetÅ™iny",90,,,"Lost two turns after evil mastermind arrived. All of us were one qi down at that point.",,"BÄ›tka",2,,,,,,Tatsukochi,hejtmy,1,,,,,,,,,,,,,,,,,,,,,,,,,,,,,,,,,,,,,,,,,,,,,,,,,,,,,
16142816,161970,Alchemists,,2015-10-06,,"PetÅ™iny",100,,,"Solved everything! Rushed to publications in the last turn!",,"BÄ›tka",2,,43,,,,Tatsukochi,hejtmy,1,,41,,,,,,,,,,,,,,,,,,,,,,,,,,,,,,,,,,,,,,,,,,,,,,,,,,,
16168052,161970,Alchemists,,2015-10-09,,NiÅ¾bor,80,,,,,"BÄ›tka",2,,39,,,,Tatsukochi,hejtmy,1,,63,,,,,,,,,,,,,,,,,,,,,,,,,,,,,,,,,,,,,,,,,,,,,,,,,,,
16180483,155426,"Castles of Mad King Ludwig",,2015-10-10,,NiÅ¾bor,90,,,,,"BÄ›tka",2,,62,,,,Tatsukochi,hejtmy,1,,105,,,,,MÃ¡ma,3,,85,,,,,,,,,,,,,,,,,,,,,,,,,,,,,,,,,,,,,,,,,,,
16180497,157526,Viceroy,,2015-10-11,,NiÅ¾bor,60,,,,,"BÄ›tka",2,,62,,,,Tatsukochi,hejtmy,1,,113,,,,,,,,,,,,,,,,,,,,,,,,,,,,,,,,,,,,,,,,,,,,,,,,,,,
16284388,181304,Mysterium,,2015-10-20,,DeskohranÃ­,60,,,,,"BÄ›tka",2,,,,,,,Ester,4,,,,,,Tatsukochi,hejtmy,1,,,,,,,Echy,3,,,,,,,,,,,,,,,,,,,,,,,,,,,,,,,,,,,,,
16284390,181304,Mysterium,,2015-10-20,,DeskohranÃ­,45,,,,,"BÄ›tka",2,,,,,,,Ester,4,,,,,,Tatsukochi,hejtmy,1,,,,,,,Echy,3,,,,,,,,,,,,,,,,,,,,,,,,,,,,,,,,,,,,,
16288115,100901,"Flash Point: Fire Rescue",,2015-10-19,,DeskohranÃ­,80,,,"Half the building collapsed, but we managed to save everybody from the other half. Spent most of the he time rescuing people from under the table and toilet freaks",,"BÄ›tka",2,,,,,,,Ester,4,,,,,,Tatsukochi,hejtmy,1,,,,,,,Echy,3,,,,,,,,,,,,,,,,,,,,,,,,,,,,,,,,,,,,,
16306962,161970,Alchemists,,2015-10-23,,NiÅ¾bor,120,,,,,"BÄ›tka",2,,47,,,,,Ester,4,,41,,,,Tatsukochi,hejtmy,1,,45,,,,,Echy,3,,21,,,,,,,,,,,,,,,,,,,,,,,,,,,,,,,,,,,
16316952,169255,"A Game of Thrones: The Card Game (Second Edition)",,2015-10-24,,NiÅ¾bor,60,,,,,"BÄ›tka",2,,,1,,,Tatsukochi,hejtmy,1,,,1,,1,,,,,,,,,,,,,,,,,,,,,,,,,,,,,,,,,,,,,,,,,,,,,,,,
16316996,169255,"A Game of Thrones: The Card Game (Second Edition)",,2015-10-24,,NiÅ¾bor,60,,,,,Echy,2,,,1,,,Tatsukochi,hejtmy,1,,,,,1,,,,,,,,,,,,,,,,,,,,,,,,,,,,,,,,,,,,,,,,,,,,,,,,
16317006,161970,Alchemists,,2015-10-24,,NiÅ¾bor,120,,,,,"BÄ›tka",2,,,,,,,Sam,4,,,,,,,Echy,1,,,,,,,Ester,3,,,,,,,,,,,,,,,,,,,,,,,,,,,,,,,,,,,,,
16320219,161970,Alchemists,,2015-10-25,,NiÅ¾bor,120,,,,,Echy,2,,,,,,,Sam,4,,,,,,,"BÄ›tka",1,,,,,,,Ester,3,,,,,,,,,,,,,,,,,,,,,,,,,,,,,,,,,,,,,
16320226,59149,"Bunny Bunny Moose Moose",,2015-10-25,,NiÅ¾bor,60,,,,,Echy,2,,,1,,,,"BÄ›tka",1,,,1,,1,,Sam,4,,,1,,,Tatsukochi,hejtmy,5,,,1,,,,Ester,3,,,1,,,,,,,,,,,,,,,,,,,,,,,,,,
16320230,59149,"Bunny Bunny Moose Moose",,2015-10-25,,NiÅ¾bor,45,,,,,Echy,2,,,,,,,"BÄ›tka",1,,,,,,,Sam,4,,,,,1,Tatsukochi,hejtmy,5,,,,,,,Ester,3,,,,,,,,,,,,,,,,,,,,,,,,,,,,,
16320234,166384,Spyfall,,2015-10-25,,NiÅ¾bor,,,,,,Echy,2,,16,,,,,"BÄ›tka",1,,6,,,,,Sam,4,,58,,,,Tatsukochi,hejtmy,5,,14,,,,,Ester,3,,5,,,,,,,,,,,,,,,,,,,,,,,,,,,
16327959,124742,"Android: Netrunner",,2015-10-25,,NiÅ¾bor,15,,,,,Sam,,HB,0,,,,Tatsukochi,hejtmy,,Noise,8,,,1,,,,,,,,,,,,,,,,,,,,,,,,,,,,,,,,,,,,,,,,,,,,,,,,
16327964,124742,"Android: Netrunner",,2015-10-25,,NiÅ¾bor,20,,,,,Sam,2,,,,,,Tatsukochi,hejtmy,1,,,,,1,,,,,,,,,,,,,,,,,,,,,,,,,,,,,,,,,,,,,,,,,,,,,,,,
16327967,124742,"Android: Netrunner",,2015-10-25,,NiÅ¾bor,45,,,,,Sam,2,,,,,,Tatsukochi,hejtmy,1,,,,,1,,,,,,,,,,,,,,,,,,,,,,,,,,,,,,,,,,,,,,,,,,,,,,,,
16328293,124742,"Android: Netrunner",,2015-10-25,,NiÅ¾bor,,,,,,Sam,,HB,7,,,1,Tatsukochi,hejtmy,,Chaos,5,,,,,,,,,,,,,,,,,,,,,,,,,,,,,,,,,,,,,,,,,,,,,,,,,,,
16339638,155426,"Castles of Mad King Ludwig",,2015-10-24,,NiÅ¾bor,80,,,,,"BÄ›tka",2,,61,,,,Tatsukochi,hejtmy,1,,101,,,,,Echy,3,,91,,,,,,,,,,,,,,,,,,,,,,,,,,,,,,,,,,,,,,,,,,,
16339641,161970,Alchemists,,2015-10-24,,NiÅ¾bor,150,,,,,Echy,2,,,,,,,Sam,4,,,1,,,,"BÄ›tka",1,,,,,,,Ester,3,,,,,,,,,,,,,,,,,,,,,,,,,,,,,,,,,,,,,
16339644,155426,"Castles of Mad King Ludwig",,2015-10-25,,NiÅ¾bor,80,,,,,Echy,2,,,,,1,,"BÄ›tka",1,,,,,,,Ester,3,,,,,,,,,,,,,,,,,,,,,,,,,,,,,,,,,,,,,,,,,,,,,
16360796,30549,Pandemic,,2015-10-29,,Tablet,30,,,,Tatsukochi,hejtmy,1,,,,,1,,,,,,,,,,,,,,,,,,,,,,,,,,,,,,,,,,,,,,,,,,,,,,,,,,,,,,,,
16360799,30549,Pandemic,,2015-10-29,,Tablet,25,,,,Tatsukochi,hejtmy,1,,,,,1,,,,,,,,,,,,,,,,,,,,,,,,,,,,,,,,,,,,,,,,,,,,,,,,,,,,,,,,
16360800,30549,Pandemic,,2015-10-29,,Tablet,30,,,,Tatsukochi,hejtmy,1,,,,,,,,,,,,,,,,,,,,,,,,,,,,,,,,,,,,,,,,,,,,,,,,,,,,,,,,,,,,,
16360803,30549,Pandemic,,2015-10-29,,Tablet,15,,,,Tatsukochi,hejtmy,1,,,,,1,,,,,,,,,,,,,,,,,,,,,,,,,,,,,,,,,,,,,,,,,,,,,,,,,,,,,,,,
16361781,30549,Pandemic,,2015-10-29,,Tablet,20,,,,Tatsukochi,hejtmy,1,,,,,1,,,,,,,,,,,,,,,,,,,,,,,,,,,,,,,,,,,,,,,,,,,,,,,,,,,,,,,,
16437870,178900,Codenames,,2015-11-07,,NiÅ¾bor,120,,,,,"BÄ›tka",2,,,,,,,MÃ¡ma,4,,,,,,Tatsukochi,hejtmy,1,,,,,,,TÃ¡ta,3,,,,,,,,,,,,,,,,,,,,,,,,,,,,,,,,,,,,,
16437996,30549,Pandemic,,2015-11-07,,Tablet,30,,,,Tatsukochi,hejtmy,1,,,,,1,,,,,,,,,,,,,,,,,,,,,,,,,,,,,,,,,,,,,,,,,,,,,,,,,,,,,,,,
16449896,155426,"Castles of Mad King Ludwig",,2015-11-08,,NiÅ¾bor,120,,,,,"BÄ›tka",2,,73,,,,,TÃ¡ta,4,,91,,,,Tatsukochi,hejtmy,1,,137,,,,,MÃ¡ma,3,,120,,,,,,,,,,,,,,,,,,,,,,,,,,,,,,,,,,,
16521994,908,"Tally Ho!",,2015-11-15,,"PetÅ™iny",15,,,,,"BÄ›tka",2,,70,,,,Tatsukochi,hejtmy,1,,36,,,,,,,,,,,,,,,,,,,,,,,,,,,,,,,,,,,,,,,,,,,,,,,,,,,
16522001,908,"Tally Ho!",,2015-11-15,,"PetÅ™iny",12,,,,,"BÄ›tka",2,,40,,,,Tatsukochi,hejtmy,1,,24,,,,,,,,,,,,,,,,,,,,,,,,,,,,,,,,,,,,,,,,,,,,,,,,,,,
16522012,154203,"Imperial Settlers",,2015-11-15,,"PetÅ™iny",100,,,,,"BÄ›tka",2,Barbarians,58,,,,Tatsukochi,hejtmy,1,Japanese,79,,,1,,,,,,,,,,,,,,,,,,,,,,,,,,,,,,,,,,,,,,,,,,,,,,,,
16536276,154203,"Imperial Settlers",,2015-11-16,,"PetÅ™iny",80,,,,,"BÄ›tka",2,Egyptians,79,,,1,Tatsukochi,hejtmy,1,Romans,73,,,,,,,,,,,,,,,,,,,,,,,,,,,,,,,,,,,,,,,,,,,,,,,,,,,
16738626,161936,"Pandemic Legacy: Season 1",,2015-11-29,,"PetÅ™iny",120,,,,,"BÄ›tka",2,,,,,,Tatsukochi,hejtmy,1,,,,,,,Jana,3,,,,,,,,,,,,,,,,,,,,,,,,,,,,,,,,,,,,,,,,,,,,,
16738634,181304,Mysterium,,2015-12-05,,NiÅ¾bor,30,,,,,"BÄ›tka",2,,,,,,,TÃ¡ta,4,,,,,,Tatsukochi,hejtmy,1,,,,,,,MÃ¡ma,3,,,,,,,,,,,,,,,,,,,,,,,,,,,,,,,,,,,,,
16738925,181304,Mysterium,,2015-12-05,,NiÅ¾bor,30,,,,,"BÄ›tka",2,,,,,,,TÃ¡ta,4,,,,,,Tatsukochi,hejtmy,1,,,,,,,MÃ¡ma,3,,,,,,,,,,,,,,,,,,,,,,,,,,,,,,,,,,,,,
16739475,181304,Mysterium,,2015-12-05,,NiÅ¾bor,60,,,"TÃ¡ta duch",,"BÄ›tka",2,,,,,,,TÃ¡ta,4,,,,,,Tatsukochi,hejtmy,1,,,,,,,MÃ¡ma,3,,,,,,,,,,,,,,,,,,,,,,,,,,,,,,,,,,,,,
16806001,124742,"Android: Netrunner",,2015-12-12,,"Dobrá Trafika",20,,,,,Sam,,Weyland,7,,,,Tatsukochi,hejtmy,,Noise,5,,,,,,,,,,,,,,,,,,,,,,,,,,,,,,,,,,,,,,,,,,,,,,,,,,,
16806030,124742,"Android: Netrunner",,2015-12-12,,"Dobrá Trafika",40,,,,,Sam,2,Criminal,7,,,1,Tatsukochi,hejtmy,,Jinteki,1,,,,,,,,,,,,,,,,,,,,,,,,,,,,,,,,,,,,,,,,,,,,,,,,,,,
16869297,181304,Mysterium,,2015-12-19,,NiÅ¾bor,45,,,,,"BÄ›tka",2,,,,,,Tatsukochi,hejtmy,1,,,,,,,AdÃ©la,4,,,,,,,Mates,6,,,,,,,KarolÃ­na,5,,,,,,,"Kuba H.",3,,,,,,,,,,,,,,,,,,,,,
16869300,181304,Mysterium,,2015-12-19,,NiÅ¾bor,60,,,,,"BÄ›tka",2,,,,,,Tatsukochi,hejtmy,1,,,,,,,AdÃ©la,4,,,,,,,Mates,6,,,,,,,KarolÃ­na,5,,,,,,,"Kuba H.",3,,,,,,,,,,,,,,,,,,,,,
16874428,37046,"Ghost Stories",,2015-12-20,,NiÅ¾bor,70,,,"Won simple game. Pretty easy. 25 points.",,"BÄ›tka",2,,,,,,Tatsukochi,hejtmy,1,,,,,,,,,,,,,,,,,,,,,,,,,,,,,,,,,,,,,,,,,,,,,,,,,,,,,
16874446,178900,Codenames,,2015-12-20,,NiÅ¾bor,60,,,,,"BÄ›tka",2,,,,,,Tatsukochi,hejtmy,1,,,,,,,"Kuba H.",4,,,,,,,KarolÃ­na,6,,,,,,,AdÃ©la,5,,,,,,,Mates,3,,,,,,,,,,,,,,,,,,,,,
16919343,37046,"Ghost Stories",,2015-12-24,,NiÅ¾bor,120,,,"Lost in the last round by one missed roll",,Martin,2,,,,,,Tatsukochi,hejtmy,1,,,,,,,,,,,,,,,,,,,,,,,,,,,,,,,,,,,,,,,,,,,,,,,,,,,,,
16980375,156129,"Deception: Murder in Hong Kong",,2015-12-28,,NiÅ¾bor,20,,,"Won the first time",,"BÄ›tka",2,,,,,,Tatsukochi,hejtmy,1,,,,,,,Jana,4,,,,,,,Petra,6,,,,,,,Katka,5,,,,,,,Sam,3,,,,,,,,,,,,,,,,,,,,,
16980381,156129,"Deception: Murder in Hong Kong",,2015-12-28,,NiÅ¾bor,30,,,"Very tense, lost in the laÅ¥ round",,"BÄ›tka",2,,,,,,Tatsukochi,hejtmy,1,,,,,,,Jana,4,,,,,,,Petra,6,,,,,,,Katka,5,,,,,,,Sam,3,,,,,,,,,,,,,,,,,,,,,
16980390,156129,"Deception: Murder in Hong Kong",,2015-12-28,,NiÅ¾bor,25,,,"My turn. Solved in the fifth minutes but only in speech. Never got to feel the victory. Murderer got away with murder!",,"BÄ›tka",2,,,,,,Tatsukochi,hejtmy,1,,,,,,,Jana,4,,,,,,,Petra,6,,,,,,,Katka,5,,,,,,,Sam,3,,,,,,,,,,,,,,,,,,,,,
16980398,156129,"Deception: Murder in Hong Kong",,2015-12-28,,NiÅ¾bor,20,,,"Witness go  the upper ha d and won it.",,"BÄ›tka",2,,,,,,Tatsukochi,hejtmy,1,,,,,,,Jana,4,,,,,,,Petra,6,,,,,,,Katka,5,,,,,,,Sam,3,,,,,,,,,,,,,,,,,,,,,
16980403,156129,"Deception: Murder in Hong Kong",,2015-12-28,,NiÅ¾bor,15,,,"Quick play, murdered got away",,"BÄ›tka",2,,,,,,Tatsukochi,hejtmy,1,,,,,,,Jana,4,,,,,,,Petra,6,,,,,,,Katka,5,,,,,,,Sam,3,,,,,,,,,,,,,,,,,,,,,
16980524,181304,Mysterium,,2015-12-28,,NiÅ¾bor,60,,,"Jana jako duch. I pÅ™es stÃ¡le stÄ›Å¾ovÃ¡nÃ­ nakonec vÃ½hra!",,"BÄ›tka",2,,,,,,Tatsukochi,hejtmy,1,,,,,,,Jana,4,,,,,,,Petra,5,,,,,,,Sam,3,,,,,,,,,,,,,,,,,,,,,,,,,,,,,
17006011,161936,"Pandemic Legacy: Season 1",,2015-12-29,,NiÅ¾bor,90,,,"February as a piece of cake",,"BÄ›tka",2,,,,,,Tatsukochi,hejtmy,1,,,,,,,Jana,3,,,,,,,,,,,,,,,,,,,,,,,,,,,,,,,,,,,,,,,,,,,,,
17006023,161936,"Pandemic Legacy: Season 1",,2015-12-29,,NiÅ¾bor,15,,,"Ani jsem se nedostal na tah. UmÅ™eli jsme dÃ­ky absolutnÃ­m zaplnÄ›nÃ­ Asie chÅ™ipkou.",,"BÄ›tka",2,,,,,,Tatsukochi,hejtmy,1,,,,,,,Jana,3,,,,,,,,,,,,,,,,,,,,,,,,,,,,,,,,,,,,,,,,,,,,,
17006061,161936,"Pandemic Legacy: Season 1",,2015-12-29,,NiÅ¾bor,90,,,"PomalejÅ¡Ã­ smrt. ProhrÃ¡li jsme kolo pÅ™ed vÃ½hrou na dolÃ­zÃ¡nÃ­ balÃ­Äku.",,"BÄ›tka",2,,,,,,Tatsukochi,hejtmy,1,,,,,,,Jana,3,,,,,,,,,,,,,,,,,,,,,,,,,,,,,,,,,,,,,,,,,,,,,
17006079,156129,"Deception: Murder in Hong Kong",,2015-12-29,,NiÅ¾bor,25,,,,,"BÄ›tka",2,,,,,,Tatsukochi,hejtmy,1,,,,,,,Echy,4,,,,,,,Katka,5,,,,,,,Jana,3,,,,,,,,,,,,,,,,,,,,,,,,,,,,,
17010460,156129,"Deception: Murder in Hong Kong",,2015-12-30,,NiÅ¾bor,25,,,"Investigators won!",,"BÄ›tka",2,,,,,,Tatsukochi,hejtmy,1,,,,,,,Jana,4,,,,,,,Katka,5,,,,,,,Echy,3,,,,,,,,,,,,,,,,,,,,,,,,,,,,,
17010730,156129,"Deception: Murder in Hong Kong",,2015-12-30,,NiÅ¾bor,30,,,"Investigators won again!",,"BÄ›tka",2,,,,,,Tatsukochi,hejtmy,1,,,,,,,Jana,4,,,,,,,Martin,6,,,,,,,Katka,5,,,,,,,Echy,3,,,,,,,,,,,,,,,,,,,,,
17010735,156129,"Deception: Murder in Hong Kong",,2015-12-30,,NiÅ¾bor,40,,,"And investigators won once again!",,"BÄ›tka",2,,,,,,Tatsukochi,hejtmy,1,,,,,,,Jana,4,,,,,,,Martin,6,,,,,,,Katka,5,,,,,,,Echy,3,,,,,,,,,,,,,,,,,,,,,
17010737,156129,"Deception: Murder in Hong Kong",,2015-12-30,,NiÅ¾bor,20,,,"And again",,"BÄ›tka",2,,,,,,Tatsukochi,hejtmy,1,,,,,,,Jana,4,,,,,,,Martin,6,,,,,,,Katka,5,,,,,,,Echy,3,,,,,,,,,,,,,,,,,,,,,
17011051,156129,"Deception: Murder in Hong Kong",,2015-12-30,,NiÅ¾bor,40,,,"Extremely tense last turn! Investigators won yet again.",,"BÄ›tka",2,,,,,,Tatsukochi,hejtmy,1,,,,,,,Jana,4,,,,,,,Martin,6,,,,,,,Katka,5,,,,,,,Echy,3,,,,,,,,,,,,,,,,,,,,,
17012132,164265,Witness,,2015-12-30,,NiÅ¾bor,15,,,"First case, scored nice 10 points. Easy.",,"BÄ›tka",2,,,,,,,Martin,4,,,,,,Tatsukochi,hejtmy,1,,,,,,,Echy,3,,,,,,,,,,,,,,,,,,,,,,,,,,,,,,,,,,,,,
17012145,164265,Witness,,2015-12-30,,NiÅ¾bor,20,,,"Got to know the game. Meaning we totally screwed up. 5 points.",,"BÄ›tka",2,,,,,,,Martin,4,,,,,,Tatsukochi,hejtmy,1,,,,,,,Echy,3,,,,,,,,,,,,,,,,,,,,,,,,,,,,,,,,,,,,,
17022444,161936,"Pandemic Legacy: Season 1",,2015-12-30,,NiÅ¾bor,80,,,"Ooh. Zombies! Won the game",,"BÄ›tka",2,,,,,,,Echy,4,,,,,,Tatsukochi,hejtmy,1,,,,,,,Jana,3,,,,,,,,,,,,,,,,,,,,,,,,,,,,,,,,,,,,,
17022446,178900,Codenames,,2015-12-30,,NiÅ¾bor,20,,,,,"BÄ›tka",2,,,,,,,Echy,4,,,,,,Tatsukochi,hejtmy,1,,,,,,,Jana,3,,,,,,,,,,,,,,,,,,,,,,,,,,,,,,,,,,,,,
17022453,178900,Codenames,,2015-12-30,,NiÅ¾bor,20,,,,,"BÄ›tka",2,,,,,,,"Å tÄ›pÃ¡n",4,,,,,,Tatsukochi,hejtmy,1,,,,,,,Echy,3,,,,,,,,,,,,,,,,,,,,,,,,,,,,,,,,,,,,,
17026803,181304,Mysterium,,2015-12-31,,NiÅ¾bor,45,,,"We lost by a hair.",,"BÄ›tka",2,,,,,,Tatsukochi,hejtmy,1,,,,,,,Katka,4,,,,,,,"Å tÄ›pÃ¡n",5,,,,,,,Echy,3,,,,,,,,,,,,,,,,,,,,,,,,,,,,,
17036288,161936,"Pandemic Legacy: Season 1",,2015-12-31,,NiÅ¾bor,90,,,"Lost again. Podcenili jsme Road blocks, padnula moskva a Miami. Screw them.",,"BÄ›tka",2,,,,,,,Jana,4,,,,,,Tatsukochi,hejtmy,1,,,,,,,Echy,3,,,,,,,,,,,,,,,,,,,,,,,,,,,,,,,,,,,,,
17039468,166384,Spyfall,,2015-12-31,,NiÅ¾bor,40,,,,,"Å tÄ›pÃ¡n",7,,,,,,,"BÄ›tka",2,,,,,,Tatsukochi,hejtmy,1,,,,,,,Jana,4,,,,,,,Katka,6,,,,,,,Ester,5,,,,,,,Echy,3,,,,,,,Zuzka,8,,,,,
17058151,161936,"Pandemic Legacy: Season 1",,2016-01-01,,NiÅ¾bor,60,,,"Won the second game in May. Didn't even lose any more cities to the zombie outbreak!",,"BÄ›tka",2,,,,,,,Jana,4,,,,,,Tatsukochi,hejtmy,1,,,,,,,Echy,3,,,,,,,,,,,,,,,,,,,,,,,,,,,,,,,,,,,,,
17063140,161936,"Pandemic Legacy: Season 1",,2016-01-01,,NiÅ¾bor,60,,,"Won! June can suck our ass. Equipped the shit out of zombie culture.",,Echy,2,,,,,,,Jana,4,,,,,,,"BÄ›tka",1,,,,,,Tatsukochi,hejtmy,3,,,,,,,,,,,,,,,,,,,,,,,,,,,,,,,,,,,,,
17164621,161936,"Pandemic Legacy: Season 1",,2016-01-07,,"DobrÃ¡ Trafika",40,,,"Lost willingly to get some upgrades.",,"BÄ›tka",2,,,,,,Tatsukochi,hejtmy,1,,,,,,,Jana,3,,,,,,,,,,,,,,,,,,,,,,,,,,,,,,,,,,,,,,,,,,,,,
17192702,161936,"Pandemic Legacy: Season 1",,2016-01-09,,"PetÅ™iny",60,,,"Won July",,"BÄ›tka",2,,,,,,Tatsukochi,hejtmy,1,,,,,,,Jana,3,,,,,,,,,,,,,,,,,,,,,,,,,,,,,,,,,,,,,,,,,,,,,
17192717,161936,"Pandemic Legacy: Season 1",,2016-01-09,,"PetÅ™iny",60,,,"Won August again",,"BÄ›tka",2,,,,,,Tatsukochi,hejtmy,1,,,,,,,Jana,3,,,,,,,,,,,,,,,,,,,,,,,,,,,,,,,,,,,,,,,,,,,,,
17192739,161936,"Pandemic Legacy: Season 1",,2016-01-10,,"PetÅ™iny",45,,,"Lost horribly after the September's turn of events. Fuck you Doug",Tatsukochi,hejtmy,1,,,,,,,Jana,3,,,,,,,"BÄ›tka",2,,,,,,,,,,,,,,,,,,,,,,,,,,,,,,,,,,,,,,,,,,,,,
17533291,127023,Kemet,,2016-02-06,,"PetÅ™iny",,,1,,Tatsukochi,hejtmy,0,,8,,,1,,"BÄ›tka",1,,3,,,,,,,,,,,,,,,,,,,,,,,,,,,,,,,,,,,,,,,,,,,,,,,,,,,
17533319,181304,Mysterium,,2016-02-06,,"David Doma",80,,,,,"BÄ›tka",2,,,,,,Tatsukochi,hejtmy,1,,,,,,,Player,4,,,1,,,,Player,5,,,,,,,"David GreguÅ¡",3,,,1,,,,,,,,,,,,,,,,,,,,,,,,,,
17533523,156009,"Port Royal",,2016-02-03,,"Echy Residence",,,,,,Echy,3,,8,,,,Tatsukochi,hejtmy,0,,16,,,1,,Ester,2,,6,,,,,"BÄ›tka",1,,10,,,,,,,,,,,,,,,,,,,,,,,,,,,,,,,,,,,
17533525,156009,"Port Royal",,2016-02-06,,"Echy Residence",,,1,,,Echy,3,,4,,,,Tatsukochi,hejtmy,0,,6,,,,,Ester,2,,11,,,,,"BÄ›tka",1,,13,,,1,,,,,,,,,,,,,,,,,,,,,,,,,,,,,,,,
17549872,127023,Kemet,,2016-02-06,,"PetÅ™iny",,,1,,Tatsukochi,hejtmy,0,,11,,,1,,"BÄ›tka",1,,9,,,,,,,,,,,,,,,,,,,,,,,,,,,,,,,,,,,,,,,,,,,,,,,,,,,
17631004,28143,"Race for the Galaxy",,2016-02-13,,"PetÅ™iny",45,,,,,"BÄ›tka",2,,,,,,Tatsukochi,hejtmy,1,,53,,,,,,,,,,,,,,,,,,,,,,,,,,,,,,,,,,,,,,,,,,,,,,,,,,,
17631006,28143,"Race for the Galaxy",,2016-02-13,,,,,,,,,,,,,,,,,,,,,,,,,,,,,,,,,,,,,,,,,,,,,,,,,,,,,,,,,,,,,,,,,,,,,,
17664540,174570,"Legendary Encounters: A Predator Deck Building Game",,2016-02-15,,"PetÅ™iny",60,,,"Died while getting in da choppa",,"BÄ›tka",2,,,,,,Tatsukochi,hejtmy,1,,,,,,,,,,,,,,,,,,,,,,,,,,,,,,,,,,,,,,,,,,,,,,,,,,,,,
17664547,174570,"Legendary Encounters: A Predator Deck Building Game",,2016-02-15,,"PetÅ™iny",45,,,"Got in da choppa!",,"BÄ›tka",2,,,,,1,Tatsukochi,hejtmy,1,,,,,1,,,,,,,,,,,,,,,,,,,,,,,,,,,,,,,,,,,,,,,,,,,,,,,,
17713348,174570,"Legendary Encounters: A Predator Deck Building Game",,2016-02-20,,"PetÅ™iny",60,,,,,"BÄ›tka",2,,,,,,Tatsukochi,hejtmy,1,,,,,,,,,,,,,,,,,,,,,,,,,,,,,,,,,,,,,,,,,,,,,,,,,,,,,
17713360,161970,Alchemists,,2016-02-20,,"PetÅ™iny",120,,,,,"BÄ›tka",2,,42,,,,Tatsukochi,hejtmy,1,,55,,,1,,,,,,,,,,,,,,,,,,,,,,,,,,,,,,,,,,,,,,,,,,,,,,,,
17716606,127023,Kemet,,2016-02-20,,"PetÅ™iny",80,,,"Extra tÄ›snÃ©. Dohodli jsme se na mÃ­ru",Tatsukochi,hejtmy,,,8,,,,,"BÄ›tka",,,8,,,,,,,,,,,,,,,,,,,,,,,,,,,,,,,,,,,,,,,,,,,,,,,,,,,
17716626,54998,Cyclades,,2016-02-20,,"PetÅ™iny",,,,"Pegasus stole the day and victory",,"BÄ›tka",2,,1,,,,Tatsukochi,hejtmy,1,,3,,,,,,,,,,,,,,,,,,,,,,,,,,,,,,,,,,,,,,,,,,,,,,,,,,,
17718171,154203,"Imperial Settlers",,2016-02-21,,"PetÅ™iny",60,,,,,"BÄ›tka",2,Barbarians,43,,,,Tatsukochi,hejtmy,1,Romans,90,,,1,,,,,,,,,,,,,,,,,,,,,,,,,,,,,,,,,,,,,,,,,,,,,,,,
18033317,147537,"Malifaux Second Edition",,2016-03-19,,"PetÅ™iny",180,,1,,Tatsukochi,hejtmy,0,,0.0,,,1,,"BÄ›tka",1,,0.0,,,,,,,,,,,,,,,,,,,,,,,,,,,,,,,,,,,,,,,,,,,,,,,,,,,
18044403,147537,"Malifaux Second Edition",,2016-03-20,,"PetÅ™iny",90,,,Unfinished,,"BÄ›tka",2,,,,,,Tatsukochi,hejtmy,1,,,,,,,,,,,,,,,,,,,,,,,,,,,,,,,,,,,,,,,,,,,,,,,,,,,,,
18061237,164265,Witness,,2016-03-20,,"PetÅ™iny",16,,1,,,"BÄ›tka",3,,3.0,,,1,,Monika,0,,2.0,,,1,,"Ondra NovÃ¡k",2,,3.0,,,1,Tatsukochi,hejtmy,1,,2.0,,,1,,,,,,,,,,,,,,,,,,,,,,,,,,,,,,,,
18061242,181304,Mysterium,,2016-03-20,,"PetÅ™iny ",80,,1,,,Monika,3,,0.0,,,1,Tatsukochi,hejtmy,0,,0.0,,,1,,"Ondra NovÃ¡k",2,,0.0,,,1,,"BÄ›tka",1,,0.0,,,1,,,,,,,,,,,,,,,,,,,,,,,,,,,,,,,,
18061247,113294,"Escape: The Curse of the Temple",,2016-03-20,,"PetÅ™iny ",15,,1,,,Monika,3,,0.0,,,1,Tatsukochi,hejtmy,0,,0.0,,,1,,"Ondra NovÃ¡k",2,,0.0,,,1,,"BÄ›tka",1,,0.0,,,1,,,,,,,,,,,,,,,,,,,,,,,,,,,,,,,,
18061248,113294,"Escape: The Curse of the Temple",,2016-03-20,,"PetÅ™iny",12,,1,,,Monika,3,,0.0,,,1,,"BÄ›tka",0,,0.0,,,1,Tatsukochi,hejtmy,2,,0.0,,,1,,"Ondra NovÃ¡k",1,,0.0,,,1,,,,,,,,,,,,,,,,,,,,,,,,,,,,,,,,
18061252,37046,"Ghost Stories",,2016-03-20,,"PetÅ™iny ",,,1,,,"Ondra NovÃ¡k",3,,0.0,,,1,,hejtmy,0,,0.0,,,1,,Monika,2,,0.0,,,1,,"BÄ›tka",1,,0.0,,,1,,,,,,,,,,,,,,,,,,,,,,,,,,,,,,,,
18073218,164265,Witness,,2016-03-20,,"PetÅ™iny",25,,,"Case three. Child's walk",,"BÄ›tka",2,,3,,,,Tatsukochi,hejtmy,1,,2,,,,,Monika,4,,2,,,,,"Ondra NovÃ¡k",3,,3,1,,,,,,,,,,,,,,,,,,,,,,,,,,,,,,,,,,
18073236,181304,Mysterium,,2016-03-20,,"PetÅ™iny",80,,,,,"BÄ›tka",2,,,,,1,,Monika,4,,,1,,1,Tatsukochi,hejtmy,1,Duch,,,,1,,"Ondra NovÃ¡k",3,,,1,,1,,,,,,,,,,,,,,,,,,,,,,,,,,,,,,,,
18127569,147537,"Malifaux Second Edition",,2016-03-25,,"PetÅ™iny",180,,,,Tatsukochi,hejtmy,0,,6.0,,,1,,"BÄ›tka",1,,6.0,,,1,,,,,,,,,,,,,,,,,,,,,,,,,,,,,,,,,,,,,,,,,,,,,,,,
18144287,147537,"Malifaux Second Edition",,2016-03-28,,NiÅ¾bor,142,,,,Tatsukochi,hejtmy,0,,5.0,,,1,,"BÄ›tka",1,,4.0,,,,,,,,,,,,,,,,,,,,,,,,,,,,,,,,,,,,,,,,,,,,,,,,,,,
18144296,147537,"Malifaux Second Edition",,2016-03-28,,NiÅ¾bor,180,,,,Tatsukochi,hejtmy,0,,7.0,,,1,,"BÄ›tka",1,,4.0,,,,,,,,,,,,,,,,,,,,,,,,,,,,,,,,,,,,,,,,,,,,,,,,,,,
18144315,147537,"Malifaux Second Edition",,2016-03-27,,NiÅ¾bor,124,,,,Tatsukochi,hejtmy,0,,6.0,,,1,,"BÄ›tka",1,,5.0,,,,,,,,,,,,,,,,,,,,,,,,,,,,,,,,,,,,,,,,,,,,,,,,,,,
18159697,150312,"Welcome to the Dungeon",,2016-03-28,,NiÅ¾bor,20,,,,,"BÄ›tka",0,,1.0,,,1,Tatsukochi,hejtmy,1,,0.0,,,,,,,,,,,,,,,,,,,,,,,,,,,,,,,,,,,,,,,,,,,,,,,,,,,
18211953,54998,Cyclades,,2016-04-03,,NiÅ¾bor,65,,,,,"BÄ›tka",0,,1.0,,,1,Tatsukochi,hejtmy,1,,1.0,,,1,,,,,,,,,,,,,,,,,,,,,,,,,,,,,,,,,,,,,,,,,,,,,,,,
18211992,174570,"Legendary Encounters: A Predator Deck Building Game",,2016-04-03,,NiÅ¾bor,60,,,,,"BÄ›tka",0,,0.0,,,1,Tatsukochi,hejtmy,1,,0.0,,,1,,,,,,,,,,,,,,,,,,,,,,,,,,,,,,,,,,,,,,,,,,,,,,,,
18238257,150312,"Welcome to the Dungeon",,2016-04-01,,"Hospoda ",12,,,,,Echy,0,,0.0,,,,Tatsukochi,hejtmy,2,,2.0,,,1,,Ester,1,,1.0,,,,,,,,,,,,,,,,,,,,,,,,,,,,,,,,,,,,,,,,,,,
18238262,150312,"Welcome to the Dungeon",,2016-04-01,,"Hospoda ",19,,,,,Echy,0,,1.0,,,,Tatsukochi,hejtmy,2,,2.0,,,1,,Ester,1,,1.0,,,,,,,,,,,,,,,,,,,,,,,,,,,,,,,,,,,,,,,,,,,
18238267,150312,"Welcome to the Dungeon",,2016-03-27,,NiÅ¾bor,,,,,,"BÄ›tka",0,,0.0,,,,Tatsukochi,hejtmy,1,,2.0,,,1,,,,,,,,,,,,,,,,,,,,,,,,,,,,,,,,,,,,,,,,,,,,,,,,
18238271,147537,"Malifaux Second Edition",,2016-03-31,,Hospoda,120,,,,,Ester,3,,4.0,,,1,Tatsukochi,hejtmy,0,,2.0,,,,,Echy,2,,4.0,,,1,,"BÄ›tka",1,,2.0,,,,,,,,,,,,,,,,,,,,,,,,,,,,,,,,,,,
18273407,70919,Takenoko,,2016-04-09,,NiÅ¾bor,69,,,,,"BÄ›tka",0,,34.0,,,,,Echy,2,,36.0,,,,Tatsukochi,hejtmy,1,,43.0,,,1,,,,,,,,,,,,,,,,,,,,,,,,,,,,,,,,,,,,,,,,
18278210,54998,Cyclades,,2016-04-09,,NiÅ¾bor,130,,,,,"BÄ›tka",0,,0.0,,,,,Echy,2,,2.0,,,1,Tatsukochi,hejtmy,1,,1.0,,,,,,,,,,,,,,,,,,,,,,,,,,,,,,,,,,,,,,,,,,,
18278223,174570,"Legendary Encounters: A Predator Deck Building Game",,2016-04-09,,NiÅ¾bor,70,,,,,"BÄ›tka",0,,0.0,,,1,,Echy,2,,0.0,,,1,Tatsukochi,hejtmy,1,,0.0,,,1,,,,,,,,,,,,,,,,,,,,,,,,,,,,,,,,,,,,,,,,
18287210,146021,"Eldritch Horror",,2016-04-10,,NiÅ¾bor,240,,,,,"BÄ›tka",0,,0.0,,,,,Echy,2,,0.0,,,,Tatsukochi,hejtmy,1,,0.0,,,,,,,,,,,,,,,,,,,,,,,,,,,,,,,,,,,,,,,,,,,
18288076,40692,"Small World",,2016-04-10,,NiÅ¾bor,70,,,,,"BÄ›tka",0,,88.0,,,,,Echy,2,,80.0,,,,Tatsukochi,hejtmy,1,,100.0,,,1,,,,,,,,,,,,,,,,,,,,,,,,,,,,,,,,,,,,,,,,
18297252,40692,"Small World",,2016-04-10,,NiÅ¾bor,60,,,,,"BÄ›tka",0,,68.0,,,,,Echy,2,,95.0,,,,Tatsukochi,hejtmy,1,,101.0,,,1,,,,,,,,,,,,,,,,,,,,,,,,,,,,,,,,,,,,,,,,
18319526,158899,"Colt Express",,2016-04-10,,NiÅ¾bor,60,,,,,"BÄ›tka",2,,1700,,,,Tatsukochi,hejtmy,1,,2000,,,1,,Echy,3,,700,,,,,,,,,,,,,,,,,,,,,,,,,,,,,,,,,,,,,,,,,,,
18357514,146508,"T.I.M.E Stories",,2016-04-16,,"PetÅ™iny",180,,,,,Ester,4,,,,,,Tatsukochi,hejtmy,1,,,,,,,"Ondra NovÃ¡k",5,,,,,,,Echy,3,,,,,,,"BÄ›tka",2,,,,,,,,,,,,,,,,,,,,,,,,,,,,,
18357517,150312,"Welcome to the Dungeon",,2016-04-16,,"PetÅ™iny",,,,,,Ester,4,,,,,,Tatsukochi,hejtmy,1,,,,,,,Echy,3,,,,,1,,"BÄ›tka",2,,,,,1,,,,,,,,,,,,,,,,,,,,,,,,,,,,,,,,
18399670,155873,"Power Grid deluxe: Europe/North America",,2016-04-19,,"PetÅ™iny",,,,,Tatsukochi,hejtmy,,,,1,,,,"BÄ›tka",,,,1,,1,,,,,,,,,,,,,,,,,,,,,,,,,,,,,,,,,,,,,,,,,,,,,,,,
18423946,124361,Concordia,,2016-04-22,,"PetÅ™iny",120,,,,,Ester,4,,105,1,,,Tatsukochi,hejtmy,1,,85,,,,,Echy,3,,104,1,,,,"BÄ›tka",2,,108,,,1,,,,,,,,,,,,,,,,,,,,,,,,,,,,,,,,
18423951,124361,Concordia,,2016-04-21,,"PetÅ™iny",,,,,Tatsukochi,hejtmy,1,,185,1,,1,,"BÄ›tka",2,,143,1,,,,,,,,,,,,,,,,,,,,,,,,,,,,,,,,,,,,,,,,,,,,,,,,,,
18425213,156129,"Deception: Murder in Hong Kong",,2016-04-23,,"PetÅ™iny",40,,,,,Ester,4,,,,,,Tatsukochi,hejtmy,1,,,,,,,Echy,3,,,,,,,"BÄ›tka",2,,,,,,,,,,,,,,,,,,,,,,,,,,,,,,,,,,,,,
18552361,173346,"7 Wonders: Duel",,2016-05-03,,"PetÅ™iny",30,,,,Tatsukochi,hejtmy,1,,63,1,,1,,"BÄ›tka",2,,43,1,,,,,,,,,,,,,,,,,,,,,,,,,,,,,,,,,,,,,,,,,,,,,,,,,,
18552479,170216,"Blood Rage",,2016-05-03,,"PetÅ™iny",50,1,1,,Tatsukochi,hejtmy,1,,,1,,,,"BÄ›tka",2,,,1,,,,,,,,,,,,,,,,,,,,,,,,,,,,,,,,,,,,,,,,,,,,,,,,,,
18590317,173346,"7 Wonders: Duel",,2016-05-07,,"PetÅ™iny",30,,,,Tatsukochi,hejtmy,1,,78,,,1,,"BÄ›tka",2,,50,,,,,,,,,,,,,,,,,,,,,,,,,,,,,,,,,,,,,,,,,,,,,,,,,,,
18590319,173346,"7 Wonders: Duel",,2016-05-07,,"PetÅ™iny",,,,,Tatsukochi,hejtmy,1,,61,,,1,,"BÄ›tka",2,,24,,,,,,,,,,,,,,,,,,,,,,,,,,,,,,,,,,,,,,,,,,,,,,,,,,,
18659867,170216,"Blood Rage",,2016-05-14,,"PetÅ™iny",180,,,,,Radek,4,,153,1,,1,Tatsukochi,hejtmy,1,,93,,,,,Sam,3,,105,1,,,,"BÄ›tka",2,,145,,,,,,,,,,,,,,,,,,,,,,,,,,,,,,,,,,,
18660025,122522,"Smash Up",,2016-05-14,,"PetÅ™iny",40,,,,Tatsukochi,hejtmy,1,,18,,,1,,Radek,3,,11,,,,,"BÄ›tka",2,,10,,,,,,,,,,,,,,,,,,,,,,,,,,,,,,,,,,,,,,,,,,,
18694109,11,Bohnanza,,2016-05-15,,"DobrÃ¡ Trafika",,,,,Tatsukochi,hejtmy,1,,24,,,1,,Sam,3,,22,,,,,"BÄ›tka",2,,20,,,,,,,,,,,,,,,,,,,,,,,,,,,,,,,,,,,,,,,,,,,
18694115,170216,"Blood Rage",,2016-05-15,,"DobrÃ¡ Trafika",120,,,,Tatsukochi,hejtmy,1,,49,,,,,Sam,3,,128,,,1,,"BÄ›tka",2,,78,,,,,,,,,,,,,,,,,,,,,,,,,,,,,,,,,,,,,,,,,,,
18695197,11,Bohnanza,,2016-05-15,,"DobrÃ¡ Trafika",,,,,Tatsukochi,hejtmy,1,,24,,,1,,Sam,3,,22,,,,,"BÄ›tka",2,,20,,,,,,,,,,,,,,,,,,,,,,,,,,,,,,,,,,,,,,,,,,,
18734479,11,Bohnanza,,2016-05-20,,Hospoda,,,,,Tatsukochi,hejtmy,1,,21,,,,,Sam,3,,22,,,1,,"BÄ›tka",2,,19,,,,,,,,,,,,,,,,,,,,,,,,,,,,,,,,,,,,,,,,,,,
18734480,170216,"Blood Rage",,2016-05-19,,Hospoda,120,,,,,Sam,4,,154,,,1,Tatsukochi,hejtmy,1,,96,,,,,Echy,3,,119,,,,,"BÄ›tka",2,,93,,,,,,,,,,,,,,,,,,,,,,,,,,,,,,,,,,,
18761114,11,Bohnanza,,2016-05-22,,NiÅ¾bor,45,,,,,"BÄ›tka",1,,21,,,,,Martin,3,,20,,,,Tatsukochi,hejtmy,2,,23,,,1,,,,,,,,,,,,,,,,,,,,,,,,,,,,,,,,,,,,,,,,
18812376,170216,"Blood Rage",,2016-05-26,,Hospoda,180,,,,,Radek,4,,131,,,1,Tatsukochi,hejtmy,1,,113,,,,,Echy,3,,78,,,,,"BÄ›tka",2,,114,,,,,,,,,,,,,,,,,,,,,,,,,,,,,,,,,,,
19335665,132531,"Roll for the Galaxy",,2016-07-08,,"London Draughts",60,,,,Tatsukochi,hejtmy,,,,1,,1,,"BÄ›tka",,,,1,,,,,,,,,,,,,,,,,,,,,,,,,,,,,,,,,,,,,,,,,,,,,,,,,,
19335688,136991,"Loony Quest",,2016-07-08,3,"London Draughts",70,,,"Lost to BÄ›tka in three worlds. Shes good!",Tatsukochi,hejtmy,,,,1,,,,"BÄ›tka",,,,1,,1,,,,,,,,,,,,,,,,,,,,,,,,,,,,,,,,,,,,,,,,,,,,,,,,
19335709,4396,"Odin's Ravens",,2016-07-08,,"London Draughts",40,,,"I lost! We might have overlooked something, but it seems that first player always wins",Tatsukochi,hejtmy,,,,1,,,,"BÄ›tka",,,,1,,1,,,,,,,,,,,,,,,,,,,,,,,,,,,,,,,,,,,,,,,,,,,,,,,,
19335727,65244,"Forbidden Island",,2016-07-08,,"London Draughts",15,,,"Easy? sooo easy on normal its unfair.",,"BÄ›tka",,,,1,,1,Tatsukochi,hejtmy,,,,1,,1,,,,,,,,,,,,,,,,,,,,,,,,,,,,,,,,,,,,,,,,,,,,,,,,
19335741,65244,"Forbidden Island",,2016-07-08,,"London Draughts",30,,,"Won again on Nightmare difficulty? by a hair. Lost by one turn but that odesn't count because cards sucked.",,"BÄ›tka",,,,,,1,Tatsukochi,hejtmy,,,,,,1,,,,,,,,,,,,,,,,,,,,,,,,,,,,,,,,,,,,,,,,,,,,,,,,
19772200,205059,"Mansions of Madness: Second Edition",,2016-08-21,,"PetÅ™iny",240,,,"App crashed, so we needed to restart. Nevertheless we won, closed the portal and all. Breeze",Tatsukochi,hejtmy,1,,,1,,1,,"BÄ›tka",2,,,1,,1,,,,,,,,,,,,,,,,,,,,,,,,,,,,,,,,,,,,,,,,,,,,,,,,
19772218,161936,"Pandemic Legacy: Season 1",,2016-08-18,,"PetÅ™iny",80,,,"Won the second September mission with ease. October, bring it on",Tatsukochi,hejtmy,1,,,,,1,,Jana,3,,,,,1,,"BÄ›tka",2,,,,,1,,,,,,,,,,,,,,,,,,,,,,,,,,,,,,,,,,,,,,,,
19772229,161936,"Pandemic Legacy: Season 1",,2016-08-18,,"PetÅ™iny",40,,,"Well. Another turn of events got us killed. Almost. Toby flew into Moscow and got bumped by so many fallen that he will never visit those parts again. We lost on the insufficient number of fallen guys. But we discovered the vaccine, so let's try that again.",Tatsukochi,hejtmy,1,,,,,,,Jana,3,,,,,,,"BÄ›tka",2,,,,,,,,,,,,,,,,,,,,,,,,,,,,,,,,,,,,,,,,,,,,,
19774234,161936,"Pandemic Legacy: Season 1",,2016-08-21,,"U Jany",90,,,"Extremely hard game. Won after two consecutive sacrifices, but managed to vaccinate most of Europe.",Tatsukochi,hejtmy,1,,,,,1,,"BÄ›tka",3,,,,,1,,Jana,2,,,,,1,,,,,,,,,,,,,,,,,,,,,,,,,,,,,,,,,,,,,,,,
19777937,161936,"Pandemic Legacy: Season 1",,2016-08-21,,"U Jany",60,,,"Won the last game I December. Final score is 743 but I call bullshit because nobody told is we need to destroy all stations. Nevertheless, we decided we are awesome and game cas suck it.",Tatsukochi,hejtmy,1,,,,,1,,"BÄ›tka",3,,,,,1,,Jana,2,,,,,1,,,,,,,,,,,,,,,,,,,,,,,,,,,,,,,,,,,,,,,,
19777948,161936,"Pandemic Legacy: Season 1",,2016-08-21,,"U Jany",80,,,"Complicated game in November bud we pulled through. Vaccinated almost everything.",Tatsukochi,hejtmy,1,,,,,1,,"BÄ›tka",3,,,,,1,,Jana,2,,,,,1,,,,,,,,,,,,,,,,,,,,,,,,,,,,,,,,,,,,,,,,
19809852,180585,"T.I.M.E Stories: The Marcy Case",,2016-08-25,,"PetÅ™iny",240,,,"Third run the charm. Scored 46 points, not the best but I am quite satisfied with the result. Sacrificed the doc to the zombies, returned correct girl and all. Great play.",Tatsukochi,hejtmy,1,,,,,,,Jana,3,,,,,,,"BÄ›tka",2,,,,,,,,,,,,,,,,,,,,,,,,,,,,,,,,,,,,,,,,,,,,,
19838374,195544,"Tides of Madness",,2016-08-27,,"PetÅ™iny",15,,,,Tatsukochi,hejtmy,1,,53,1,,1,,"BÄ›tka",2,,38,,,,,,,,,,,,,,,,,,,,,,,,,,,,,,,,,,,,,,,,,,,,,,,,,,,
19838386,195544,"Tides of Madness",,2016-08-27,,"PetÅ™iny",15,,,,Tatsukochi,hejtmy,1,,52,,,,,"BÄ›tka",2,,75,,,1,,,,,,,,,,,,,,,,,,,,,,,,,,,,,,,,,,,,,,,,,,,,,,,,
19841379,182078,"Ticket to Ride Map Collection: Volume 5 â€“ United Kingdom & Pennsylvania",,2016-08-28,,"PetÅ™iny",60,,,"Won despite the fact I drew like four locomotives. Weird",Tatsukochi,hejtmy,1,,119,1,,1,,"BÄ›tka",2,,69,1,,,,,,,,,,,,,,,,,,,,,,,,,,,,,,,,,,,,,,,,,,,,,,,,,,
19841399,205059,"Mansions of Madness: Second Edition",,2016-08-28,,"PetÅ™iny",120,,,"Insmouth scenario. Lost on the grounds of being punched and wire strangled to death.",Tatsukochi,hejtmy,1,,,,,,,"BÄ›tka",2,,,,,,,,,,,,,,,,,,,,,,,,,,,,,,,,,,,,,,,,,,,,,,,,,,,,,
19860445,77423,"The Lord of the Rings: The Card Game",,2016-08-29,,"PetÅ™iny",45,,,"First scenario easy peasy. Took tactics and spirit",Tatsukochi,hejtmy,1,,,,,1,,"BÄ›tka",2,,,,,1,,,,,,,,,,,,,,,,,,,,,,,,,,,,,,,,,,,,,,,,,,,,,,,,
19875204,180974,"Potion Explosion",,2016-08-30,,"PetÅ™iny",60,,,,Tatsukochi,hejtmy,1,,68,1,,,,"BÄ›tka",2,,89,1,,1,,,,,,,,,,,,,,,,,,,,,,,,,,,,,,,,,,,,,,,,,,,,,,,,
19876194,155624,"Specter Ops",,2016-08-30,,"PetÅ™iny",60,,,"First game. Won in 19 turns in epic holo decoy run.",Tatsukochi,hejtmy,1,Agent,,,,1,,"BÄ›tka",2,,,,,,,,,,,,,,,,,,,,,,,,,,,,,,,,,,,,,,,,,,,,,,,,,,,,,
19877023,155624,"Specter Ops",,2016-08-31,,"PetÅ™iny",80,,,"Second game. BÄ›tka orangutan won with one life. Couldn't stop her. I did 4 damage over six turns but it wasn't enough. Next time!",Tatsukochi,hejtmy,1,,,,,,,"BÄ›tka",2,,,,,,,,,,,,,,,,,,,,,,,,,,,,,,,,,,,,,,,,,,,,,,,,,,,,,
19915085,180974,"Potion Explosion",,2016-09-03,,"PetÅ™iny",40,,,,Tatsukochi,hejtmy,1,,56,,,,,"BÄ›tka",2,,65,,,1,,,,,,,,,,,,,,,,,,,,,,,,,,,,,,,,,,,,,,,,,,,,,,,,
